Type,SKU,Name,Published,"Is featured?","Visibility in catalog","Short description",Description,"Tax status","In stock?",Stock,"Backorders allowed?","Sold individually?","Allow customer reviews?","Sale price","Regular price",Categories,Tags,Images,Parent,Position,"Attribute 1 name","Attribute 1 value(s)","Attribute 1 visible","Attribute 1 global","Attribute 1 default","Attribute 2 name","Attribute 2 value(s)","Attribute 2 visible","Attribute 2 global","Attribute 2 default","Attribute 3 name","Attribute 3 value(s)","Attribute 3 visible","Attribute 3 global","Attribute 3 default","Meta: _demo_rating","Meta: _demo_review_count"
simple,demo-001-gradient-graphic-t-shirt,"Gradient Graphic T-shirt",1,1,visible,"Gradient Graphic T-shirt for casual outfits. Demo product with realistic pricing, attributes, stock state, categories, tags, and placeholder imagery for WooCommerce catalog testing.","Gradient Graphic T-shirt for casual outfits. Demo product with realistic pricing, attributes, stock state, categories, tags, and placeholder imagery for WooCommerce catalog testing. Use this item to verify product cards, filters, sale badges, stock states, and product detail layouts.",taxable,1,20,0,0,1,,145,"Shop > Unisex > T-shirts, Casual","graphic, cotton, summer, casual, unisex","https://placehold.co/800x800/ece9e4/111111.png?text=Gradient%20Graphic%20T-shirt%20Front, https://placehold.co/800x800/ece9e4/111111.png?text=Gradient%20Graphic%20T-shirt%20Back, https://placehold.co/800x800/ece9e4/111111.png?text=Gradient%20Graphic%20T-shirt%20Detail",,1,Color,"White, Pink, Blue",1,1,White,Size,"Small, Medium, Large",1,1,Large,"Dress Style",Casual,1,1,Casual,3.5,61
simple,demo-002-polo-with-tipping-details,"Polo with Tipping Details",1,0,visible,"Polo with Tipping Details for casual outfits. Demo product with realistic pricing, attributes, stock state, categories, tags, and placeholder imagery for WooCommerce catalog testing.","Polo with Tipping Details for casual outfits. Demo product with realistic pricing, attributes, stock state, categories, tags, and placeholder imagery for WooCommerce catalog testing. Use this item to verify product cards, filters, sale badges, stock states, and product detail layouts.",taxable,1,21,0,0,1,,180,"Shop > Men > T-shirts, Casual","graphic, cotton, summer, casual, men",https://placehold.co/800x800/edf1ef/111111.png?text=Polo%20with%20Tipping%20Details,,2,Color,"Burgundy, Navy",1,1,Burgundy,Size,"Medium, Large, X-Large",1,1,Large,"Dress Style",Casual,1,1,Casual,4.5,79
simple,demo-003-black-striped-t-shirt,"Black Striped T-shirt",1,0,visible,"Black Striped T-shirt for casual outfits. Demo product with realistic pricing, attributes, stock state, categories, tags, and placeholder imagery for WooCommerce catalog testing.","Black Striped T-shirt for casual outfits. Demo product with realistic pricing, attributes, stock state, categories, tags, and placeholder imagery for WooCommerce catalog testing. Use this item to verify product cards, filters, sale badges, stock states, and product detail layouts.",taxable,1,22,0,0,1,120,150,"Shop > Men > T-shirts, Casual","graphic, cotton, summer, casual, men",https://placehold.co/800x800/f1ecec/111111.png?text=Black%20Striped%20T-shirt,,3,Color,"Black, White",1,1,Black,Size,"Small, Medium, Large",1,1,Large,"Dress Style",Casual,1,1,Casual,5,88
simple,demo-004-skinny-fit-jeans,"Skinny Fit Jeans",1,0,visible,"Skinny Fit Jeans for casual outfits. Demo product with realistic pricing, attributes, stock state, categories, tags, and placeholder imagery for WooCommerce catalog testing.","Skinny Fit Jeans for casual outfits. Demo product with realistic pricing, attributes, stock state, categories, tags, and placeholder imagery for WooCommerce catalog testing. Use this item to verify product cards, filters, sale badges, stock states, and product detail layouts.",taxable,1,23,0,0,1,240,260,"Shop > Men > Jeans, Casual","denim, everyday, streetwear, casual, men","https://placehold.co/800x800/eceff3/111111.png?text=Skinny%20Fit%20Jeans%20Front, https://placehold.co/800x800/eceff3/111111.png?text=Skinny%20Fit%20Jeans%20Back, https://placehold.co/800x800/eceff3/111111.png?text=Skinny%20Fit%20Jeans%20Detail",,4,Color,"Blue, Navy",1,1,Blue,Size,"Small, Medium, Large",1,1,Large,"Dress Style",Casual,1,1,Casual,3.5,64
simple,demo-005-checkered-shirt,"Checkered Shirt",1,0,visible,"Checkered Shirt for casual outfits. Demo product with realistic pricing, attributes, stock state, categories, tags, and placeholder imagery for WooCommerce catalog testing.","Checkered Shirt for casual outfits. Demo product with realistic pricing, attributes, stock state, categories, tags, and placeholder imagery for WooCommerce catalog testing. Use this item to verify product cards, filters, sale badges, stock states, and product detail layouts.",taxable,1,24,0,0,1,,180,"Shop > Unisex > Shirts, Casual","button-down, smart-casual, layering, casual, unisex",https://placehold.co/800x800/f2f0ef/111111.png?text=Checkered%20Shirt,,5,Color,"Red, Navy",1,1,Red,Size,"Medium, Large",1,1,Large,"Dress Style",Casual,1,1,Casual,4.5,82
simple,demo-006-sleeve-striped-t-shirt,"Sleeve Striped T-shirt",1,1,visible,"Sleeve Striped T-shirt for casual outfits. Demo product with realistic pricing, attributes, stock state, categories, tags, and placeholder imagery for WooCommerce catalog testing.","Sleeve Striped T-shirt for casual outfits. Demo product with realistic pricing, attributes, stock state, categories, tags, and placeholder imagery for WooCommerce catalog testing. Use this item to verify product cards, filters, sale badges, stock states, and product detail layouts.",taxable,1,25,0,0,1,130,160,"Shop > Men > T-shirts, Casual","graphic, cotton, summer, casual, men",https://placehold.co/800x800/ece9e4/111111.png?text=Sleeve%20Striped%20T-shirt,,6,Color,"Orange, Black",1,1,Orange,Size,"Small, Medium, Large",1,1,Large,"Dress Style",Casual,1,1,Casual,4.5,83
simple,demo-007-vertical-striped-shirt,"Vertical Striped Shirt",1,0,visible,"Vertical Striped Shirt for casual outfits. Demo product with realistic pricing, attributes, stock state, categories, tags, and placeholder imagery for WooCommerce catalog testing.","Vertical Striped Shirt for casual outfits. Demo product with realistic pricing, attributes, stock state, categories, tags, and placeholder imagery for WooCommerce catalog testing. Use this item to verify product cards, filters, sale badges, stock states, and product detail layouts.",taxable,1,26,0,0,1,212,232,"Shop > Men > Shirts, Casual","button-down, smart-casual, layering, casual, men","https://placehold.co/800x800/edf1ef/111111.png?text=Vertical%20Striped%20Shirt%20Front, https://placehold.co/800x800/edf1ef/111111.png?text=Vertical%20Striped%20Shirt%20Back, https://placehold.co/800x800/edf1ef/111111.png?text=Vertical%20Striped%20Shirt%20Detail",,7,Color,"Green, White",1,1,Green,Size,"Medium, Large, X-Large",1,1,Large,"Dress Style",Casual,1,1,Casual,5,92
simple,demo-008-courage-graphic-t-shirt,"Courage Graphic T-shirt",1,0,visible,"Courage Graphic T-shirt for casual outfits. Demo product with realistic pricing, attributes, stock state, categories, tags, and placeholder imagery for WooCommerce catalog testing.","Courage Graphic T-shirt for casual outfits. Demo product with realistic pricing, attributes, stock state, categories, tags, and placeholder imagery for WooCommerce catalog testing. Use this item to verify product cards, filters, sale badges, stock states, and product detail layouts.",taxable,1,27,0,0,1,,145,"Shop > Men > T-shirts, Casual","graphic, cotton, summer, casual, men",https://placehold.co/800x800/f1ecec/111111.png?text=Courage%20Graphic%20T-shirt,,8,Color,"Orange, Blue",1,1,Orange,Size,"Small, Medium, Large",1,1,Large,"Dress Style",Casual,1,1,Casual,4,76
simple,demo-009-loose-fit-bermuda-shorts,"Loose Fit Bermuda Shorts",1,0,visible,"Loose Fit Bermuda Shorts for casual outfits. Demo product with realistic pricing, attributes, stock state, categories, tags, and placeholder imagery for WooCommerce catalog testing.","Loose Fit Bermuda Shorts for casual outfits. Demo product with realistic pricing, attributes, stock state, categories, tags, and placeholder imagery for WooCommerce catalog testing. Use this item to verify product cards, filters, sale badges, stock states, and product detail layouts.",taxable,1,28,0,0,1,,80,"Shop > Unisex > Shorts, Casual","summer, travel, relaxed, casual, unisex",https://placehold.co/800x800/eceff3/111111.png?text=Loose%20Fit%20Bermuda%20Shorts,,9,Color,Blue,1,1,Blue,Size,"Small, Medium, Large",1,1,Large,"Dress Style",Casual,1,1,Casual,3,60
variable,demo-010-one-life-graphic-t-shirt,"One Life Graphic T-shirt",1,0,visible,"One Life Graphic T-shirt for casual outfits. Demo product with realistic pricing, attributes, stock state, categories, tags, and placeholder imagery for WooCommerce catalog testing.","One Life Graphic T-shirt for casual outfits. Demo product with realistic pricing, attributes, stock state, categories, tags, and placeholder imagery for WooCommerce catalog testing. Use this item to verify product cards, filters, sale badges, stock states, and product detail layouts.",taxable,1,29,0,0,1,260,300,"Shop > Men > T-shirts, Casual","graphic, cotton, summer, casual, men","https://placehold.co/800x800/f2f0ef/111111.png?text=One%20Life%20Graphic%20T-shirt%20Front, https://placehold.co/800x800/f2f0ef/111111.png?text=One%20Life%20Graphic%20T-shirt%20Back, https://placehold.co/800x800/f2f0ef/111111.png?text=One%20Life%20Graphic%20T-shirt%20Detail, https://placehold.co/800x800/f2f0ef/111111.png?text=One%20Life%20Graphic%20T-shirt%20Model",,10,Color,"Olive, Green, Navy",1,1,Olive,Size,"Small, Medium, Large, X-Large",1,1,Large,"Dress Style",Casual,1,1,Casual,4.5,87
variation,demo-010-one-life-graphic-t-shirt-var-olive-small,"One Life Graphic T-shirt - Olive / Small",1,0,hidden,,,taxable,1,4,0,0,1,260,300,,"casual, men",,demo-010-one-life-graphic-t-shirt,0,Color,Olive,0,1,Olive,Size,Small,0,1,Small,"Dress Style",Casual,0,1,Casual,4.5,77
variation,demo-010-one-life-graphic-t-shirt-var-olive-medium,"One Life Graphic T-shirt - Olive / Medium",1,0,hidden,,,taxable,1,5,0,0,1,260,300,,"casual, men",,demo-010-one-life-graphic-t-shirt,1,Color,Olive,0,1,Olive,Size,Medium,0,1,Medium,"Dress Style",Casual,0,1,Casual,4.5,78
variation,demo-010-one-life-graphic-t-shirt-var-green-small,"One Life Graphic T-shirt - Green / Small",1,0,hidden,,,taxable,1,5,0,0,1,260,300,,"casual, men",,demo-010-one-life-graphic-t-shirt,1,Color,Green,0,1,Green,Size,Small,0,1,Small,"Dress Style",Casual,0,1,Casual,4.5,78
variation,demo-010-one-life-graphic-t-shirt-var-green-medium,"One Life Graphic T-shirt - Green / Medium",1,0,hidden,,,taxable,1,6,0,0,1,260,300,,"casual, men",,demo-010-one-life-graphic-t-shirt,2,Color,Green,0,1,Green,Size,Medium,0,1,Medium,"Dress Style",Casual,0,1,Casual,4.5,79
variable,demo-011-essential-crew-t-shirt,"Essential Crew T-shirt",1,1,visible,"Essential Crew T-shirt for gym outfits. Demo product with realistic pricing, attributes, stock state, categories, tags, and placeholder imagery for WooCommerce catalog testing.","Essential Crew T-shirt for gym outfits. Demo product with realistic pricing, attributes, stock state, categories, tags, and placeholder imagery for WooCommerce catalog testing. Use this item to verify product cards, filters, sale badges, stock states, and product detail layouts.",taxable,1,16,0,0,1,,198,"Shop > Unisex > T-shirts, Gym","graphic, cotton, summer, gym, unisex",https://placehold.co/800x800/ece9e4/111111.png?text=Essential%20Crew%20T-shirt,,11,Color,"Purple, Grey, Olive",1,1,Purple,Size,"Medium, Large, X-Large, XX-Large",1,1,Large,"Dress Style",Gym,1,1,Gym,3.5,71
variation,demo-011-essential-crew-t-shirt-var-purple-medium,"Essential Crew T-shirt - Purple / Medium",1,0,hidden,,,taxable,1,16,0,0,1,,198,,"gym, unisex",,demo-011-essential-crew-t-shirt,0,Color,Purple,0,1,Purple,Size,Medium,0,1,Medium,"Dress Style",Gym,0,1,Gym,3.5,60
variation,demo-011-essential-crew-t-shirt-var-purple-large,"Essential Crew T-shirt - Purple / Large",1,0,hidden,,,taxable,1,15,0,0,1,,198,,"gym, unisex",,demo-011-essential-crew-t-shirt,1,Color,Purple,0,1,Purple,Size,Large,0,1,Large,"Dress Style",Gym,0,1,Gym,3.5,61
variation,demo-011-essential-crew-t-shirt-var-grey-medium,"Essential Crew T-shirt - Grey / Medium",1,0,hidden,,,taxable,1,15,0,0,1,,198,,"gym, unisex",,demo-011-essential-crew-t-shirt,1,Color,Grey,0,1,Grey,Size,Medium,0,1,Medium,"Dress Style",Gym,0,1,Gym,3.5,61
variation,demo-011-essential-crew-t-shirt-var-grey-large,"Essential Crew T-shirt - Grey / Large",1,0,hidden,,,taxable,1,14,0,0,1,,198,,"gym, unisex",,demo-011-essential-crew-t-shirt,2,Color,Grey,0,1,Grey,Size,Large,0,1,Large,"Dress Style",Gym,0,1,Gym,3.5,62
simple,demo-012-vintage-wash-t-shirt,"Vintage Wash T-shirt",1,0,visible,"Vintage Wash T-shirt for casual outfits. Demo product with realistic pricing, attributes, stock state, categories, tags, and placeholder imagery for WooCommerce catalog testing.","Vintage Wash T-shirt for casual outfits. Demo product with realistic pricing, attributes, stock state, categories, tags, and placeholder imagery for WooCommerce catalog testing. Use this item to verify product cards, filters, sale badges, stock states, and product detail layouts.",taxable,1,23,0,0,1,189,211,"Shop > Men > T-shirts, Casual","graphic, cotton, summer, casual, men","https://placehold.co/800x800/edf1ef/111111.png?text=Vintage%20Wash%20T-shirt%20Front, https://placehold.co/800x800/edf1ef/111111.png?text=Vintage%20Wash%20T-shirt%20Back, https://placehold.co/800x800/edf1ef/111111.png?text=Vintage%20Wash%20T-shirt%20Detail",,12,Color,"Pink, Navy, Red",1,1,Pink,Size,"XX-Small, X-Small, Small, Medium",1,1,XX-Small,"Dress Style",Casual,1,1,Casual,4,80
simple,demo-013-minimal-logo-t-shirt,"Minimal Logo T-shirt",1,0,visible,"Minimal Logo T-shirt for formal outfits. Demo product with realistic pricing, attributes, stock state, categories, tags, and placeholder imagery for WooCommerce catalog testing.","Minimal Logo T-shirt for formal outfits. Demo product with realistic pricing, attributes, stock state, categories, tags, and placeholder imagery for WooCommerce catalog testing. Use this item to verify product cards, filters, sale badges, stock states, and product detail layouts.",taxable,0,0,0,0,1,,224,"Shop > Women > T-shirts, Formal","graphic, cotton, summer, formal, women",https://placehold.co/800x800/f1ecec/111111.png?text=Minimal%20Logo%20T-shirt,,13,Color,"Black, Blue, Burgundy",1,1,Black,Size,"X-Small, Small, Medium, Large",1,1,Large,"Dress Style",Formal,1,1,Formal,4.5,90
simple,demo-014-oversized-cotton-t-shirt,"Oversized Cotton T-shirt",1,0,visible,"Oversized Cotton T-shirt for party outfits. Demo product with realistic pricing, attributes, stock state, categories, tags, and placeholder imagery for WooCommerce catalog testing.","Oversized Cotton T-shirt for party outfits. Demo product with realistic pricing, attributes, stock state, categories, tags, and placeholder imagery for WooCommerce catalog testing. Use this item to verify product cards, filters, sale badges, stock states, and product detail layouts.",taxable,1,37,0,0,1,,237,"Shop > Unisex > T-shirts, Party","graphic, cotton, summer, party, unisex",https://placehold.co/800x800/eceff3/111111.png?text=Oversized%20Cotton%20T-shirt,,14,Color,"White, Green, Orange",1,1,White,Size,"Small, Medium, Large, X-Large",1,1,Large,"Dress Style",Party,1,1,Party,5,99
simple,demo-015-ribbed-neck-t-shirt,"Ribbed Neck T-shirt",1,0,visible,"Ribbed Neck T-shirt for gym outfits. Demo product with realistic pricing, attributes, stock state, categories, tags, and placeholder imagery for WooCommerce catalog testing.","Ribbed Neck T-shirt for gym outfits. Demo product with realistic pricing, attributes, stock state, categories, tags, and placeholder imagery for WooCommerce catalog testing. Use this item to verify product cards, filters, sale badges, stock states, and product detail layouts.",taxable,1,44,0,0,1,,250,"Shop > Men > T-shirts, Gym","graphic, cotton, summer, gym, men",https://placehold.co/800x800/f2f0ef/111111.png?text=Ribbed%20Neck%20T-shirt,,15,Color,"Grey, Olive, Yellow",1,1,Grey,Size,"Medium, Large, X-Large, XX-Large",1,1,Large,"Dress Style",Gym,1,1,Gym,3,66
simple,demo-016-sunset-graphic-t-shirt,"Sunset Graphic T-shirt",1,0,visible,"Sunset Graphic T-shirt for casual outfits. Demo product with realistic pricing, attributes, stock state, categories, tags, and placeholder imagery for WooCommerce catalog testing.","Sunset Graphic T-shirt for casual outfits. Demo product with realistic pricing, attributes, stock state, categories, tags, and placeholder imagery for WooCommerce catalog testing. Use this item to verify product cards, filters, sale badges, stock states, and product detail layouts.",taxable,1,51,0,0,1,237,263,"Shop > Women > T-shirts, Casual","graphic, cotton, summer, casual, women",https://placehold.co/800x800/ece9e4/111111.png?text=Sunset%20Graphic%20T-shirt,,16,Color,"Navy, Red, Purple",1,1,Navy,Size,"XX-Small, X-Small, Small, Medium",1,1,XX-Small,"Dress Style",Casual,1,1,Casual,3.5,76
simple,demo-017-heavyweight-boxy-t-shirt,"Heavyweight Boxy T-shirt",1,0,visible,"Heavyweight Boxy T-shirt for formal outfits. Demo product with realistic pricing, attributes, stock state, categories, tags, and placeholder imagery for WooCommerce catalog testing.","Heavyweight Boxy T-shirt for formal outfits. Demo product with realistic pricing, attributes, stock state, categories, tags, and placeholder imagery for WooCommerce catalog testing. Use this item to verify product cards, filters, sale badges, stock states, and product detail layouts.",taxable,1,58,0,0,1,,276,"Shop > Unisex > T-shirts, Formal","graphic, cotton, summer, formal, unisex",https://placehold.co/800x800/edf1ef/111111.png?text=Heavyweight%20Boxy%20T-shirt,,17,Color,"Blue, Burgundy, Pink",1,1,Blue,Size,"X-Small, Small, Medium, Large",1,1,Large,"Dress Style",Formal,1,1,Formal,4,85
simple,demo-018-longline-t-shirt,"Longline T-shirt",1,0,visible,"Longline T-shirt for party outfits. Demo product with realistic pricing, attributes, stock state, categories, tags, and placeholder imagery for WooCommerce catalog testing.","Longline T-shirt for party outfits. Demo product with realistic pricing, attributes, stock state, categories, tags, and placeholder imagery for WooCommerce catalog testing. Use this item to verify product cards, filters, sale badges, stock states, and product detail layouts.",taxable,1,65,0,0,1,,289,"Shop > Men > T-shirts, Party","graphic, cotton, summer, party, men","https://placehold.co/800x800/f1ecec/111111.png?text=Longline%20T-shirt%20Front, https://placehold.co/800x800/f1ecec/111111.png?text=Longline%20T-shirt%20Back, https://placehold.co/800x800/f1ecec/111111.png?text=Longline%20T-shirt%20Detail",,18,Color,"Green, Orange, Black",1,1,Green,Size,"Small, Medium, Large, X-Large",1,1,Large,"Dress Style",Party,1,1,Party,4.5,95
simple,demo-019-pocket-detail-t-shirt,"Pocket Detail T-shirt",1,0,visible,"Pocket Detail T-shirt for gym outfits. Demo product with realistic pricing, attributes, stock state, categories, tags, and placeholder imagery for WooCommerce catalog testing.","Pocket Detail T-shirt for gym outfits. Demo product with realistic pricing, attributes, stock state, categories, tags, and placeholder imagery for WooCommerce catalog testing. Use this item to verify product cards, filters, sale badges, stock states, and product detail layouts.",taxable,1,8,0,0,1,,56,"Shop > Women > T-shirts, Gym","graphic, cotton, summer, gym, women",https://placehold.co/800x800/eceff3/111111.png?text=Pocket%20Detail%20T-shirt,,19,Color,"Olive, Yellow, White",1,1,Olive,Size,"Medium, Large, X-Large, XX-Large",1,1,Large,"Dress Style",Gym,1,1,Gym,5,104
simple,demo-020-relaxed-fit-t-shirt,"Relaxed Fit T-shirt",1,0,visible,"Relaxed Fit T-shirt for casual outfits. Demo product with realistic pricing, attributes, stock state, categories, tags, and placeholder imagery for WooCommerce catalog testing.","Relaxed Fit T-shirt for casual outfits. Demo product with realistic pricing, attributes, stock state, categories, tags, and placeholder imagery for WooCommerce catalog testing. Use this item to verify product cards, filters, sale badges, stock states, and product detail layouts.",taxable,1,15,0,0,1,39,69,"Shop > Unisex > T-shirts, Casual","graphic, cotton, summer, casual, unisex","https://placehold.co/800x800/f2f0ef/111111.png?text=Relaxed%20Fit%20T-shirt%20Front, https://placehold.co/800x800/f2f0ef/111111.png?text=Relaxed%20Fit%20T-shirt%20Back, https://placehold.co/800x800/f2f0ef/111111.png?text=Relaxed%20Fit%20T-shirt%20Detail, https://placehold.co/800x800/f2f0ef/111111.png?text=Relaxed%20Fit%20T-shirt%20Model",,20,Color,"Red, Purple, Grey",1,1,Red,Size,"XX-Small, X-Small, Small, Medium",1,1,XX-Small,"Dress Style",Casual,1,1,Casual,3,71
simple,demo-021-contrast-collar-t-shirt,"Contrast Collar T-shirt",1,0,visible,"Contrast Collar T-shirt for formal outfits. Demo product with realistic pricing, attributes, stock state, categories, tags, and placeholder imagery for WooCommerce catalog testing.","Contrast Collar T-shirt for formal outfits. Demo product with realistic pricing, attributes, stock state, categories, tags, and placeholder imagery for WooCommerce catalog testing. Use this item to verify product cards, filters, sale badges, stock states, and product detail layouts.",taxable,1,22,0,0,1,,82,"Shop > Men > T-shirts, Formal","graphic, cotton, summer, formal, men",https://placehold.co/800x800/ece9e4/111111.png?text=Contrast%20Collar%20T-shirt,,21,Color,"Burgundy, Pink, Navy",1,1,Burgundy,Size,"X-Small, Small, Medium, Large",1,1,Large,"Dress Style",Formal,1,1,Formal,3.5,81
simple,demo-022-washed-black-t-shirt,"Washed Black T-shirt",1,1,visible,"Washed Black T-shirt for party outfits. Demo product with realistic pricing, attributes, stock state, categories, tags, and placeholder imagery for WooCommerce catalog testing.","Washed Black T-shirt for party outfits. Demo product with realistic pricing, attributes, stock state, categories, tags, and placeholder imagery for WooCommerce catalog testing. Use this item to verify product cards, filters, sale badges, stock states, and product detail layouts.",taxable,1,29,0,0,1,,95,"Shop > Women > T-shirts, Party","graphic, cotton, summer, party, women",https://placehold.co/800x800/edf1ef/111111.png?text=Washed%20Black%20T-shirt,,22,Color,"Orange, Black, Blue",1,1,Orange,Size,"Small, Medium, Large, X-Large",1,1,Large,"Dress Style",Party,1,1,Party,4,90
simple,demo-023-sport-stripe-t-shirt,"Sport Stripe T-shirt",1,0,visible,"Sport Stripe T-shirt for gym outfits. Demo product with realistic pricing, attributes, stock state, categories, tags, and placeholder imagery for WooCommerce catalog testing.","Sport Stripe T-shirt for gym outfits. Demo product with realistic pricing, attributes, stock state, categories, tags, and placeholder imagery for WooCommerce catalog testing. Use this item to verify product cards, filters, sale badges, stock states, and product detail layouts.",taxable,1,36,0,0,1,,108,"Shop > Unisex > T-shirts, Gym","graphic, cotton, summer, gym, unisex",https://placehold.co/800x800/f1ecec/111111.png?text=Sport%20Stripe%20T-shirt,,23,Color,"Yellow, White, Green",1,1,Yellow,Size,"Medium, Large, X-Large, XX-Large",1,1,Large,"Dress Style",Gym,1,1,Gym,4.5,77
simple,demo-024-abstract-print-t-shirt,"Abstract Print T-shirt",1,0,visible,"Abstract Print T-shirt for casual outfits. Demo product with realistic pricing, attributes, stock state, categories, tags, and placeholder imagery for WooCommerce catalog testing.","Abstract Print T-shirt for casual outfits. Demo product with realistic pricing, attributes, stock state, categories, tags, and placeholder imagery for WooCommerce catalog testing. Use this item to verify product cards, filters, sale badges, stock states, and product detail layouts.",taxable,1,43,0,0,1,87,121,"Shop > Men > T-shirts, Casual","graphic, cotton, summer, casual, men","https://placehold.co/800x800/eceff3/111111.png?text=Abstract%20Print%20T-shirt%20Front, https://placehold.co/800x800/eceff3/111111.png?text=Abstract%20Print%20T-shirt%20Back, https://placehold.co/800x800/eceff3/111111.png?text=Abstract%20Print%20T-shirt%20Detail",,24,Color,"Purple, Grey, Olive",1,1,Purple,Size,"XX-Small, X-Small, Small, Medium",1,1,XX-Small,"Dress Style",Casual,1,1,Casual,5,86
simple,demo-025-oxford-button-down-shirt,"Oxford Button Down Shirt",1,0,visible,"Oxford Button Down Shirt for formal outfits. Demo product with realistic pricing, attributes, stock state, categories, tags, and placeholder imagery for WooCommerce catalog testing.","Oxford Button Down Shirt for formal outfits. Demo product with realistic pricing, attributes, stock state, categories, tags, and placeholder imagery for WooCommerce catalog testing. Use this item to verify product cards, filters, sale badges, stock states, and product detail layouts.",taxable,1,50,0,0,1,,134,"Shop > Women > Shirts, Formal","button-down, smart-casual, layering, formal, women",https://placehold.co/800x800/f2f0ef/111111.png?text=Oxford%20Button%20Down%20Shirt,,25,Color,"Pink, Navy, Red",1,1,Pink,Size,"X-Small, Small, Medium, Large",1,1,Large,"Dress Style",Formal,1,1,Formal,3,53
simple,demo-026-linen-blend-shirt,"Linen Blend Shirt",1,0,visible,"Linen Blend Shirt for party outfits. Demo product with realistic pricing, attributes, stock state, categories, tags, and placeholder imagery for WooCommerce catalog testing.","Linen Blend Shirt for party outfits. Demo product with realistic pricing, attributes, stock state, categories, tags, and placeholder imagery for WooCommerce catalog testing. Use this item to verify product cards, filters, sale badges, stock states, and product detail layouts.",taxable,1,0,notify,0,1,,147,"Shop > Unisex > Shirts, Party","button-down, smart-casual, layering, party, unisex",https://placehold.co/800x800/ece9e4/111111.png?text=Linen%20Blend%20Shirt,,26,Color,"Black, Blue, Burgundy",1,1,Black,Size,"Small, Medium, Large, X-Large",1,1,Large,"Dress Style",Party,1,1,Party,3.5,63
simple,demo-027-denim-overshirt,"Denim Overshirt",1,0,visible,"Denim Overshirt for gym outfits. Demo product with realistic pricing, attributes, stock state, categories, tags, and placeholder imagery for WooCommerce catalog testing.","Denim Overshirt for gym outfits. Demo product with realistic pricing, attributes, stock state, categories, tags, and placeholder imagery for WooCommerce catalog testing. Use this item to verify product cards, filters, sale badges, stock states, and product detail layouts.",taxable,1,64,0,0,1,,160,"Shop > Men > Shirts, Gym","button-down, smart-casual, layering, gym, men",https://placehold.co/800x800/edf1ef/111111.png?text=Denim%20Overshirt,,27,Color,"White, Green, Orange",1,1,White,Size,"Medium, Large, X-Large, XX-Large",1,1,Large,"Dress Style",Gym,1,1,Gym,4,72
simple,demo-028-camp-collar-shirt,"Camp Collar Shirt",1,0,visible,"Camp Collar Shirt for casual outfits. Demo product with realistic pricing, attributes, stock state, categories, tags, and placeholder imagery for WooCommerce catalog testing.","Camp Collar Shirt for casual outfits. Demo product with realistic pricing, attributes, stock state, categories, tags, and placeholder imagery for WooCommerce catalog testing. Use this item to verify product cards, filters, sale badges, stock states, and product detail layouts.",taxable,1,7,0,0,1,135,173,"Shop > Women > Shirts, Casual","button-down, smart-casual, layering, casual, women",https://placehold.co/800x800/f1ecec/111111.png?text=Camp%20Collar%20Shirt,,28,Color,"Grey, Olive, Yellow",1,1,Grey,Size,"XX-Small, X-Small, Small, Medium",1,1,XX-Small,"Dress Style",Casual,1,1,Casual,4.5,82
simple,demo-029-slim-fit-poplin-shirt,"Slim Fit Poplin Shirt",1,0,visible,"Slim Fit Poplin Shirt for formal outfits. Demo product with realistic pricing, attributes, stock state, categories, tags, and placeholder imagery for WooCommerce catalog testing.","Slim Fit Poplin Shirt for formal outfits. Demo product with realistic pricing, attributes, stock state, categories, tags, and placeholder imagery for WooCommerce catalog testing. Use this item to verify product cards, filters, sale badges, stock states, and product detail layouts.",taxable,1,14,0,0,1,,186,"Shop > Unisex > Shirts, Formal","button-down, smart-casual, layering, formal, unisex",https://placehold.co/800x800/eceff3/111111.png?text=Slim%20Fit%20Poplin%20Shirt,,29,Color,"Navy, Red, Purple",1,1,Navy,Size,"X-Small, Small, Medium, Large",1,1,Large,"Dress Style",Formal,1,1,Formal,5,91
simple,demo-030-textured-resort-shirt,"Textured Resort Shirt",1,0,visible,"Textured Resort Shirt for party outfits. Demo product with realistic pricing, attributes, stock state, categories, tags, and placeholder imagery for WooCommerce catalog testing.","Textured Resort Shirt for party outfits. Demo product with realistic pricing, attributes, stock state, categories, tags, and placeholder imagery for WooCommerce catalog testing. Use this item to verify product cards, filters, sale badges, stock states, and product detail layouts.",taxable,1,21,0,0,1,,199,"Shop > Men > Shirts, Party","button-down, smart-casual, layering, party, men","https://placehold.co/800x800/f2f0ef/111111.png?text=Textured%20Resort%20Shirt%20Front, https://placehold.co/800x800/f2f0ef/111111.png?text=Textured%20Resort%20Shirt%20Back, https://placehold.co/800x800/f2f0ef/111111.png?text=Textured%20Resort%20Shirt%20Detail, https://placehold.co/800x800/f2f0ef/111111.png?text=Textured%20Resort%20Shirt%20Model",,30,Color,"Blue, Burgundy, Pink",1,1,Blue,Size,"Small, Medium, Large, X-Large",1,1,Large,"Dress Style",Party,1,1,Party,3,58
simple,demo-031-plaid-flannel-shirt,"Plaid Flannel Shirt",1,0,visible,"Plaid Flannel Shirt for gym outfits. Demo product with realistic pricing, attributes, stock state, categories, tags, and placeholder imagery for WooCommerce catalog testing.","Plaid Flannel Shirt for gym outfits. Demo product with realistic pricing, attributes, stock state, categories, tags, and placeholder imagery for WooCommerce catalog testing. Use this item to verify product cards, filters, sale badges, stock states, and product detail layouts.",taxable,1,28,0,0,1,,212,"Shop > Women > Shirts, Gym","button-down, smart-casual, layering, gym, women",https://placehold.co/800x800/ece9e4/111111.png?text=Plaid%20Flannel%20Shirt,,31,Color,"Green, Orange, Black",1,1,Green,Size,"Medium, Large, X-Large, XX-Large",1,1,Large,"Dress Style",Gym,1,1,Gym,3.5,68
simple,demo-032-mandarin-collar-shirt,"Mandarin Collar Shirt",1,0,visible,"Mandarin Collar Shirt for casual outfits. Demo product with realistic pricing, attributes, stock state, categories, tags, and placeholder imagery for WooCommerce catalog testing.","Mandarin Collar Shirt for casual outfits. Demo product with realistic pricing, attributes, stock state, categories, tags, and placeholder imagery for WooCommerce catalog testing. Use this item to verify product cards, filters, sale badges, stock states, and product detail layouts.",taxable,1,35,0,0,1,183,225,"Shop > Unisex > Shirts, Casual","button-down, smart-casual, layering, casual, unisex",https://placehold.co/800x800/edf1ef/111111.png?text=Mandarin%20Collar%20Shirt,,32,Color,"Olive, Yellow, White",1,1,Olive,Size,"XX-Small, X-Small, Small, Medium",1,1,XX-Small,"Dress Style",Casual,1,1,Casual,4,77
simple,demo-033-chambray-work-shirt,"Chambray Work Shirt",1,1,visible,"Chambray Work Shirt for formal outfits. Demo product with realistic pricing, attributes, stock state, categories, tags, and placeholder imagery for WooCommerce catalog testing.","Chambray Work Shirt for formal outfits. Demo product with realistic pricing, attributes, stock state, categories, tags, and placeholder imagery for WooCommerce catalog testing. Use this item to verify product cards, filters, sale badges, stock states, and product detail layouts.",taxable,1,42,0,0,1,,238,"Shop > Men > Shirts, Formal","button-down, smart-casual, layering, formal, men",https://placehold.co/800x800/f1ecec/111111.png?text=Chambray%20Work%20Shirt,,33,Color,"Red, Purple, Grey",1,1,Red,Size,"X-Small, Small, Medium, Large",1,1,Large,"Dress Style",Formal,1,1,Formal,4.5,87
simple,demo-034-premium-twill-shirt,"Premium Twill Shirt",1,0,visible,"Premium Twill Shirt for party outfits. Demo product with realistic pricing, attributes, stock state, categories, tags, and placeholder imagery for WooCommerce catalog testing.","Premium Twill Shirt for party outfits. Demo product with realistic pricing, attributes, stock state, categories, tags, and placeholder imagery for WooCommerce catalog testing. Use this item to verify product cards, filters, sale badges, stock states, and product detail layouts.",taxable,1,49,0,0,1,,251,"Shop > Women > Shirts, Party","button-down, smart-casual, layering, party, women",https://placehold.co/800x800/eceff3/111111.png?text=Premium%20Twill%20Shirt,,34,Color,"Burgundy, Pink, Navy",1,1,Burgundy,Size,"Small, Medium, Large, X-Large",1,1,Large,"Dress Style",Party,1,1,Party,5,96
simple,demo-035-micro-pattern-shirt,"Micro Pattern Shirt",1,0,visible,"Micro Pattern Shirt for gym outfits. Demo product with realistic pricing, attributes, stock state, categories, tags, and placeholder imagery for WooCommerce catalog testing.","Micro Pattern Shirt for gym outfits. Demo product with realistic pricing, attributes, stock state, categories, tags, and placeholder imagery for WooCommerce catalog testing. Use this item to verify product cards, filters, sale badges, stock states, and product detail layouts.",taxable,1,56,0,0,1,,264,"Shop > Unisex > Shirts, Gym","button-down, smart-casual, layering, gym, unisex",https://placehold.co/800x800/f2f0ef/111111.png?text=Micro%20Pattern%20Shirt,,35,Color,"Orange, Black, Blue",1,1,Orange,Size,"Medium, Large, X-Large, XX-Large",1,1,Large,"Dress Style",Gym,1,1,Gym,3,63
simple,demo-036-utility-pocket-shirt,"Utility Pocket Shirt",1,0,visible,"Utility Pocket Shirt for casual outfits. Demo product with realistic pricing, attributes, stock state, categories, tags, and placeholder imagery for WooCommerce catalog testing.","Utility Pocket Shirt for casual outfits. Demo product with realistic pricing, attributes, stock state, categories, tags, and placeholder imagery for WooCommerce catalog testing. Use this item to verify product cards, filters, sale badges, stock states, and product detail layouts.",taxable,1,63,0,0,1,266,277,"Shop > Men > Shirts, Casual","button-down, smart-casual, layering, casual, men","https://placehold.co/800x800/ece9e4/111111.png?text=Utility%20Pocket%20Shirt%20Front, https://placehold.co/800x800/ece9e4/111111.png?text=Utility%20Pocket%20Shirt%20Back, https://placehold.co/800x800/ece9e4/111111.png?text=Utility%20Pocket%20Shirt%20Detail",,36,Color,"Yellow, White, Green",1,1,Yellow,Size,"XX-Small, X-Small, Small, Medium",1,1,XX-Small,"Dress Style",Casual,1,1,Casual,3.5,73
simple,demo-037-tailored-chino-shorts,"Tailored Chino Shorts",1,0,visible,"Tailored Chino Shorts for formal outfits. Demo product with realistic pricing, attributes, stock state, categories, tags, and placeholder imagery for WooCommerce catalog testing.","Tailored Chino Shorts for formal outfits. Demo product with realistic pricing, attributes, stock state, categories, tags, and placeholder imagery for WooCommerce catalog testing. Use this item to verify product cards, filters, sale badges, stock states, and product detail layouts.",taxable,1,6,0,0,1,,290,"Shop > Women > Shorts, Formal","summer, travel, relaxed, formal, women",https://placehold.co/800x800/edf1ef/111111.png?text=Tailored%20Chino%20Shorts,,37,Color,"Purple, Grey, Olive",1,1,Purple,Size,"X-Small, Small, Medium, Large",1,1,Large,"Dress Style",Formal,1,1,Formal,4,82
simple,demo-038-cargo-utility-shorts,"Cargo Utility Shorts",1,0,visible,"Cargo Utility Shorts for party outfits. Demo product with realistic pricing, attributes, stock state, categories, tags, and placeholder imagery for WooCommerce catalog testing.","Cargo Utility Shorts for party outfits. Demo product with realistic pricing, attributes, stock state, categories, tags, and placeholder imagery for WooCommerce catalog testing. Use this item to verify product cards, filters, sale badges, stock states, and product detail layouts.",taxable,1,13,0,0,1,,57,"Shop > Unisex > Shorts, Party","summer, travel, relaxed, party, unisex",https://placehold.co/800x800/f1ecec/111111.png?text=Cargo%20Utility%20Shorts,,38,Color,"Pink, Navy, Red",1,1,Pink,Size,"Small, Medium, Large, X-Large",1,1,Large,"Dress Style",Party,1,1,Party,4.5,92
simple,demo-039-drawstring-jersey-shorts,"Drawstring Jersey Shorts",1,0,visible,"Drawstring Jersey Shorts for gym outfits. Demo product with realistic pricing, attributes, stock state, categories, tags, and placeholder imagery for WooCommerce catalog testing.","Drawstring Jersey Shorts for gym outfits. Demo product with realistic pricing, attributes, stock state, categories, tags, and placeholder imagery for WooCommerce catalog testing. Use this item to verify product cards, filters, sale badges, stock states, and product detail layouts.",taxable,0,0,0,0,1,,70,"Shop > Men > Shorts, Gym","summer, travel, relaxed, gym, men",https://placehold.co/800x800/eceff3/111111.png?text=Drawstring%20Jersey%20Shorts,,39,Color,"Black, Blue, Burgundy",1,1,Black,Size,"Medium, Large, X-Large, XX-Large",1,1,Large,"Dress Style",Gym,1,1,Gym,5,101
simple,demo-040-swim-ready-shorts,"Swim Ready Shorts",1,0,visible,"Swim Ready Shorts for casual outfits. Demo product with realistic pricing, attributes, stock state, categories, tags, and placeholder imagery for WooCommerce catalog testing.","Swim Ready Shorts for casual outfits. Demo product with realistic pricing, attributes, stock state, categories, tags, and placeholder imagery for WooCommerce catalog testing. Use this item to verify product cards, filters, sale badges, stock states, and product detail layouts.",taxable,1,27,0,0,1,68,83,"Shop > Women > Shorts, Casual","summer, travel, relaxed, casual, women","https://placehold.co/800x800/f2f0ef/111111.png?text=Swim%20Ready%20Shorts%20Front, https://placehold.co/800x800/f2f0ef/111111.png?text=Swim%20Ready%20Shorts%20Back, https://placehold.co/800x800/f2f0ef/111111.png?text=Swim%20Ready%20Shorts%20Detail, https://placehold.co/800x800/f2f0ef/111111.png?text=Swim%20Ready%20Shorts%20Model",,40,Color,"White, Green, Orange",1,1,White,Size,"XX-Small, X-Small, Small, Medium",1,1,XX-Small,"Dress Style",Casual,1,1,Casual,3,68
simple,demo-041-pleated-cotton-shorts,"Pleated Cotton Shorts",1,0,visible,"Pleated Cotton Shorts for formal outfits. Demo product with realistic pricing, attributes, stock state, categories, tags, and placeholder imagery for WooCommerce catalog testing.","Pleated Cotton Shorts for formal outfits. Demo product with realistic pricing, attributes, stock state, categories, tags, and placeholder imagery for WooCommerce catalog testing. Use this item to verify product cards, filters, sale badges, stock states, and product detail layouts.",taxable,1,34,0,0,1,,96,"Shop > Unisex > Shorts, Formal","summer, travel, relaxed, formal, unisex",https://placehold.co/800x800/ece9e4/111111.png?text=Pleated%20Cotton%20Shorts,,41,Color,"Grey, Olive, Yellow",1,1,Grey,Size,"X-Small, Small, Medium, Large",1,1,Large,"Dress Style",Formal,1,1,Formal,3.5,78
simple,demo-042-relaxed-denim-shorts,"Relaxed Denim Shorts",1,0,visible,"Relaxed Denim Shorts for party outfits. Demo product with realistic pricing, attributes, stock state, categories, tags, and placeholder imagery for WooCommerce catalog testing.","Relaxed Denim Shorts for party outfits. Demo product with realistic pricing, attributes, stock state, categories, tags, and placeholder imagery for WooCommerce catalog testing. Use this item to verify product cards, filters, sale badges, stock states, and product detail layouts.",taxable,1,41,0,0,1,,109,"Shop > Men > Shorts, Party","summer, travel, relaxed, party, men","https://placehold.co/800x800/edf1ef/111111.png?text=Relaxed%20Denim%20Shorts%20Front, https://placehold.co/800x800/edf1ef/111111.png?text=Relaxed%20Denim%20Shorts%20Back, https://placehold.co/800x800/edf1ef/111111.png?text=Relaxed%20Denim%20Shorts%20Detail",,42,Color,"Navy, Red, Purple",1,1,Navy,Size,"Small, Medium, Large, X-Large",1,1,Large,"Dress Style",Party,1,1,Party,4,87
simple,demo-043-performance-training-shorts,"Performance Training Shorts",1,0,visible,"Performance Training Shorts for gym outfits. Demo product with realistic pricing, attributes, stock state, categories, tags, and placeholder imagery for WooCommerce catalog testing.","Performance Training Shorts for gym outfits. Demo product with realistic pricing, attributes, stock state, categories, tags, and placeholder imagery for WooCommerce catalog testing. Use this item to verify product cards, filters, sale badges, stock states, and product detail layouts.",taxable,1,48,0,0,1,,122,"Shop > Women > Shorts, Gym","summer, travel, relaxed, gym, women",https://placehold.co/800x800/f1ecec/111111.png?text=Performance%20Training%20Shorts,,43,Color,"Blue, Burgundy, Pink",1,1,Blue,Size,"Medium, Large, X-Large, XX-Large",1,1,Large,"Dress Style",Gym,1,1,Gym,4.5,97
simple,demo-044-washed-twill-shorts,"Washed Twill Shorts",1,1,visible,"Washed Twill Shorts for casual outfits. Demo product with realistic pricing, attributes, stock state, categories, tags, and placeholder imagery for WooCommerce catalog testing.","Washed Twill Shorts for casual outfits. Demo product with realistic pricing, attributes, stock state, categories, tags, and placeholder imagery for WooCommerce catalog testing. Use this item to verify product cards, filters, sale badges, stock states, and product detail layouts.",taxable,1,55,0,0,1,116,135,"Shop > Unisex > Shorts, Casual","summer, travel, relaxed, casual, unisex",https://placehold.co/800x800/eceff3/111111.png?text=Washed%20Twill%20Shorts,,44,Color,"Green, Orange, Black",1,1,Green,Size,"XX-Small, X-Small, Small, Medium",1,1,XX-Small,"Dress Style",Casual,1,1,Casual,5,106
simple,demo-045-lightweight-travel-shorts,"Lightweight Travel Shorts",1,0,visible,"Lightweight Travel Shorts for formal outfits. Demo product with realistic pricing, attributes, stock state, categories, tags, and placeholder imagery for WooCommerce catalog testing.","Lightweight Travel Shorts for formal outfits. Demo product with realistic pricing, attributes, stock state, categories, tags, and placeholder imagery for WooCommerce catalog testing. Use this item to verify product cards, filters, sale badges, stock states, and product detail layouts.",taxable,1,62,0,0,1,,148,"Shop > Men > Shorts, Formal","summer, travel, relaxed, formal, men",https://placehold.co/800x800/f2f0ef/111111.png?text=Lightweight%20Travel%20Shorts,,45,Color,"Olive, Yellow, White",1,1,Olive,Size,"X-Small, Small, Medium, Large",1,1,Large,"Dress Style",Formal,1,1,Formal,3,73
simple,demo-046-everyday-sweat-shorts,"Everyday Sweat Shorts",1,0,visible,"Everyday Sweat Shorts for party outfits. Demo product with realistic pricing, attributes, stock state, categories, tags, and placeholder imagery for WooCommerce catalog testing.","Everyday Sweat Shorts for party outfits. Demo product with realistic pricing, attributes, stock state, categories, tags, and placeholder imagery for WooCommerce catalog testing. Use this item to verify product cards, filters, sale badges, stock states, and product detail layouts.",taxable,1,5,0,0,1,,161,"Shop > Women > Shorts, Party","summer, travel, relaxed, party, women",https://placehold.co/800x800/ece9e4/111111.png?text=Everyday%20Sweat%20Shorts,,46,Color,"Red, Purple, Grey",1,1,Red,Size,"Small, Medium, Large, X-Large",1,1,Large,"Dress Style",Party,1,1,Party,3.5,60
variable,demo-047-straight-leg-jeans,"Straight Leg Jeans",1,0,visible,"Straight Leg Jeans for gym outfits. Demo product with realistic pricing, attributes, stock state, categories, tags, and placeholder imagery for WooCommerce catalog testing.","Straight Leg Jeans for gym outfits. Demo product with realistic pricing, attributes, stock state, categories, tags, and placeholder imagery for WooCommerce catalog testing. Use this item to verify product cards, filters, sale badges, stock states, and product detail layouts.",taxable,1,12,0,0,1,,174,"Shop > Unisex > Jeans, Gym","denim, everyday, streetwear, gym, unisex",https://placehold.co/800x800/edf1ef/111111.png?text=Straight%20Leg%20Jeans,,47,Color,"Burgundy, Pink, Navy",1,1,Burgundy,Size,"Medium, Large, X-Large, XX-Large",1,1,Large,"Dress Style",Gym,1,1,Gym,4,69
variation,demo-047-straight-leg-jeans-var-burgundy-medium,"Straight Leg Jeans - Burgundy / Medium",1,0,hidden,,,taxable,1,12,0,0,1,,174,,"gym, unisex",,demo-047-straight-leg-jeans,0,Color,Burgundy,0,1,Burgundy,Size,Medium,0,1,Medium,"Dress Style",Gym,0,1,Gym,4,68
variation,demo-047-straight-leg-jeans-var-burgundy-large,"Straight Leg Jeans - Burgundy / Large",1,0,hidden,,,taxable,1,11,0,0,1,,174,,"gym, unisex",,demo-047-straight-leg-jeans,1,Color,Burgundy,0,1,Burgundy,Size,Large,0,1,Large,"Dress Style",Gym,0,1,Gym,4,69
variation,demo-047-straight-leg-jeans-var-pink-medium,"Straight Leg Jeans - Pink / Medium",1,0,hidden,,,taxable,1,11,0,0,1,,174,,"gym, unisex",,demo-047-straight-leg-jeans,1,Color,Pink,0,1,Pink,Size,Medium,0,1,Medium,"Dress Style",Gym,0,1,Gym,4,69
variation,demo-047-straight-leg-jeans-var-pink-large,"Straight Leg Jeans - Pink / Large",1,0,hidden,,,taxable,1,10,0,0,1,,174,,"gym, unisex",,demo-047-straight-leg-jeans,2,Color,Pink,0,1,Pink,Size,Large,0,1,Large,"Dress Style",Gym,0,1,Gym,4,70
simple,demo-048-loose-fit-washed-jeans,"Loose Fit Washed Jeans",1,0,visible,"Loose Fit Washed Jeans for casual outfits. Demo product with realistic pricing, attributes, stock state, categories, tags, and placeholder imagery for WooCommerce catalog testing.","Loose Fit Washed Jeans for casual outfits. Demo product with realistic pricing, attributes, stock state, categories, tags, and placeholder imagery for WooCommerce catalog testing. Use this item to verify product cards, filters, sale badges, stock states, and product detail layouts.",taxable,1,19,0,0,1,164,187,"Shop > Men > Jeans, Casual","denim, everyday, streetwear, casual, men","https://placehold.co/800x800/f1ecec/111111.png?text=Loose%20Fit%20Washed%20Jeans%20Front, https://placehold.co/800x800/f1ecec/111111.png?text=Loose%20Fit%20Washed%20Jeans%20Back, https://placehold.co/800x800/f1ecec/111111.png?text=Loose%20Fit%20Washed%20Jeans%20Detail",,48,Color,"Orange, Black, Blue",1,1,Orange,Size,"XX-Small, X-Small, Small, Medium",1,1,XX-Small,"Dress Style",Casual,1,1,Casual,4.5,79
simple,demo-049-tapered-raw-denim-jeans,"Tapered Raw Denim Jeans",1,0,visible,"Tapered Raw Denim Jeans for formal outfits. Demo product with realistic pricing, attributes, stock state, categories, tags, and placeholder imagery for WooCommerce catalog testing.","Tapered Raw Denim Jeans for formal outfits. Demo product with realistic pricing, attributes, stock state, categories, tags, and placeholder imagery for WooCommerce catalog testing. Use this item to verify product cards, filters, sale badges, stock states, and product detail layouts.",taxable,1,26,0,0,1,,200,"Shop > Women > Jeans, Formal","denim, everyday, streetwear, formal, women",https://placehold.co/800x800/eceff3/111111.png?text=Tapered%20Raw%20Denim%20Jeans,,49,Color,"Yellow, White, Green",1,1,Yellow,Size,"X-Small, Small, Medium, Large",1,1,Large,"Dress Style",Formal,1,1,Formal,5,88
simple,demo-050-relaxed-carpenter-jeans,"Relaxed Carpenter Jeans",1,0,visible,"Relaxed Carpenter Jeans for party outfits. Demo product with realistic pricing, attributes, stock state, categories, tags, and placeholder imagery for WooCommerce catalog testing.","Relaxed Carpenter Jeans for party outfits. Demo product with realistic pricing, attributes, stock state, categories, tags, and placeholder imagery for WooCommerce catalog testing. Use this item to verify product cards, filters, sale badges, stock states, and product detail layouts.",taxable,1,33,0,0,1,,213,"Shop > Unisex > Jeans, Party","denim, everyday, streetwear, party, unisex","https://placehold.co/800x800/f2f0ef/111111.png?text=Relaxed%20Carpenter%20Jeans%20Front, https://placehold.co/800x800/f2f0ef/111111.png?text=Relaxed%20Carpenter%20Jeans%20Back, https://placehold.co/800x800/f2f0ef/111111.png?text=Relaxed%20Carpenter%20Jeans%20Detail, https://placehold.co/800x800/f2f0ef/111111.png?text=Relaxed%20Carpenter%20Jeans%20Model",,50,Color,"Purple, Grey, Olive",1,1,Purple,Size,"Small, Medium, Large, X-Large",1,1,Large,"Dress Style",Party,1,1,Party,3,55
simple,demo-051-slim-stretch-jeans,"Slim Stretch Jeans",1,0,visible,"Slim Stretch Jeans for gym outfits. Demo product with realistic pricing, attributes, stock state, categories, tags, and placeholder imagery for WooCommerce catalog testing.","Slim Stretch Jeans for gym outfits. Demo product with realistic pricing, attributes, stock state, categories, tags, and placeholder imagery for WooCommerce catalog testing. Use this item to verify product cards, filters, sale badges, stock states, and product detail layouts.",taxable,1,40,0,0,1,,226,"Shop > Men > Jeans, Gym","denim, everyday, streetwear, gym, men",https://placehold.co/800x800/ece9e4/111111.png?text=Slim%20Stretch%20Jeans,,51,Color,"Pink, Navy, Red",1,1,Pink,Size,"Medium, Large, X-Large, XX-Large",1,1,Large,"Dress Style",Gym,1,1,Gym,3.5,65
simple,demo-052-distressed-blue-jeans,"Distressed Blue Jeans",1,0,visible,"Distressed Blue Jeans for casual outfits. Demo product with realistic pricing, attributes, stock state, categories, tags, and placeholder imagery for WooCommerce catalog testing.","Distressed Blue Jeans for casual outfits. Demo product with realistic pricing, attributes, stock state, categories, tags, and placeholder imagery for WooCommerce catalog testing. Use this item to verify product cards, filters, sale badges, stock states, and product detail layouts.",taxable,1,0,notify,0,1,212,239,"Shop > Women > Jeans, Casual","denim, everyday, streetwear, casual, women",https://placehold.co/800x800/edf1ef/111111.png?text=Distressed%20Blue%20Jeans,,52,Color,"Black, Blue, Burgundy",1,1,Black,Size,"XX-Small, X-Small, Small, Medium",1,1,XX-Small,"Dress Style",Casual,1,1,Casual,4,74
simple,demo-053-black-rinse-jeans,"Black Rinse Jeans",1,0,visible,"Black Rinse Jeans for formal outfits. Demo product with realistic pricing, attributes, stock state, categories, tags, and placeholder imagery for WooCommerce catalog testing.","Black Rinse Jeans for formal outfits. Demo product with realistic pricing, attributes, stock state, categories, tags, and placeholder imagery for WooCommerce catalog testing. Use this item to verify product cards, filters, sale badges, stock states, and product detail layouts.",taxable,1,54,0,0,1,,252,"Shop > Unisex > Jeans, Formal","denim, everyday, streetwear, formal, unisex",https://placehold.co/800x800/f1ecec/111111.png?text=Black%20Rinse%20Jeans,,53,Color,"White, Green, Orange",1,1,White,Size,"X-Small, Small, Medium, Large",1,1,Large,"Dress Style",Formal,1,1,Formal,4.5,84
simple,demo-054-vintage-stonewash-jeans,"Vintage Stonewash Jeans",1,0,visible,"Vintage Stonewash Jeans for party outfits. Demo product with realistic pricing, attributes, stock state, categories, tags, and placeholder imagery for WooCommerce catalog testing.","Vintage Stonewash Jeans for party outfits. Demo product with realistic pricing, attributes, stock state, categories, tags, and placeholder imagery for WooCommerce catalog testing. Use this item to verify product cards, filters, sale badges, stock states, and product detail layouts.",taxable,1,61,0,0,1,,265,"Shop > Men > Jeans, Party","denim, everyday, streetwear, party, men","https://placehold.co/800x800/eceff3/111111.png?text=Vintage%20Stonewash%20Jeans%20Front, https://placehold.co/800x800/eceff3/111111.png?text=Vintage%20Stonewash%20Jeans%20Back, https://placehold.co/800x800/eceff3/111111.png?text=Vintage%20Stonewash%20Jeans%20Detail",,54,Color,"Grey, Olive, Yellow",1,1,Grey,Size,"Small, Medium, Large, X-Large",1,1,Large,"Dress Style",Party,1,1,Party,5,93
simple,demo-055-wide-leg-denim-jeans,"Wide Leg Denim Jeans",1,1,visible,"Wide Leg Denim Jeans for gym outfits. Demo product with realistic pricing, attributes, stock state, categories, tags, and placeholder imagery for WooCommerce catalog testing.","Wide Leg Denim Jeans for gym outfits. Demo product with realistic pricing, attributes, stock state, categories, tags, and placeholder imagery for WooCommerce catalog testing. Use this item to verify product cards, filters, sale badges, stock states, and product detail layouts.",taxable,1,4,0,0,1,,278,"Shop > Women > Jeans, Gym","denim, everyday, streetwear, gym, women",https://placehold.co/800x800/f2f0ef/111111.png?text=Wide%20Leg%20Denim%20Jeans,,55,Color,"Navy, Red, Purple",1,1,Navy,Size,"Medium, Large, X-Large, XX-Large",1,1,Large,"Dress Style",Gym,1,1,Gym,3,60
simple,demo-056-utility-denim-jeans,"Utility Denim Jeans",1,0,visible,"Utility Denim Jeans for casual outfits. Demo product with realistic pricing, attributes, stock state, categories, tags, and placeholder imagery for WooCommerce catalog testing.","Utility Denim Jeans for casual outfits. Demo product with realistic pricing, attributes, stock state, categories, tags, and placeholder imagery for WooCommerce catalog testing. Use this item to verify product cards, filters, sale badges, stock states, and product detail layouts.",taxable,1,11,0,0,1,260,291,"Shop > Unisex > Jeans, Casual","denim, everyday, streetwear, casual, unisex",https://placehold.co/800x800/ece9e4/111111.png?text=Utility%20Denim%20Jeans,,56,Color,"Blue, Burgundy, Pink",1,1,Blue,Size,"XX-Small, X-Small, Small, Medium",1,1,XX-Small,"Dress Style",Casual,1,1,Casual,3.5,70
variable,demo-057-classic-pullover-hoodie,"Classic Pullover Hoodie",1,0,visible,"Classic Pullover Hoodie for formal outfits. Demo product with realistic pricing, attributes, stock state, categories, tags, and placeholder imagery for WooCommerce catalog testing.","Classic Pullover Hoodie for formal outfits. Demo product with realistic pricing, attributes, stock state, categories, tags, and placeholder imagery for WooCommerce catalog testing. Use this item to verify product cards, filters, sale badges, stock states, and product detail layouts.",taxable,1,18,0,0,1,,58,"Shop > Men > Hoodie, Formal","fleece, streetwear, layering, formal, men",https://placehold.co/800x800/edf1ef/111111.png?text=Classic%20Pullover%20Hoodie,,57,Color,"Green, Orange, Black",1,1,Green,Size,"X-Small, Small, Medium, Large",1,1,Large,"Dress Style",Formal,1,1,Formal,4,79
variation,demo-057-classic-pullover-hoodie-var-green-x-small,"Classic Pullover Hoodie - Green / X-Small",1,0,hidden,,,taxable,1,18,0,0,1,,58,,"formal, men",,demo-057-classic-pullover-hoodie,0,Color,Green,0,1,Green,Size,X-Small,0,1,X-Small,"Dress Style",Formal,0,1,Formal,4,68
variation,demo-057-classic-pullover-hoodie-var-green-small,"Classic Pullover Hoodie - Green / Small",1,0,hidden,,,taxable,1,17,0,0,1,,58,,"formal, men",,demo-057-classic-pullover-hoodie,1,Color,Green,0,1,Green,Size,Small,0,1,Small,"Dress Style",Formal,0,1,Formal,4,69
variation,demo-057-classic-pullover-hoodie-var-orange-x-small,"Classic Pullover Hoodie - Orange / X-Small",1,0,hidden,,,taxable,1,17,0,0,1,,58,,"formal, men",,demo-057-classic-pullover-hoodie,1,Color,Orange,0,1,Orange,Size,X-Small,0,1,X-Small,"Dress Style",Formal,0,1,Formal,4,69
variation,demo-057-classic-pullover-hoodie-var-orange-small,"Classic Pullover Hoodie - Orange / Small",1,0,hidden,,,taxable,1,16,0,0,1,,58,,"formal, men",,demo-057-classic-pullover-hoodie,2,Color,Orange,0,1,Orange,Size,Small,0,1,Small,"Dress Style",Formal,0,1,Formal,4,70
simple,demo-058-zip-through-hoodie,"Zip Through Hoodie",1,0,visible,"Zip Through Hoodie for party outfits. Demo product with realistic pricing, attributes, stock state, categories, tags, and placeholder imagery for WooCommerce catalog testing.","Zip Through Hoodie for party outfits. Demo product with realistic pricing, attributes, stock state, categories, tags, and placeholder imagery for WooCommerce catalog testing. Use this item to verify product cards, filters, sale badges, stock states, and product detail layouts.",taxable,1,25,0,0,1,,71,"Shop > Women > Hoodie, Party","fleece, streetwear, layering, party, women",https://placehold.co/800x800/f1ecec/111111.png?text=Zip%20Through%20Hoodie,,58,Color,"Olive, Yellow, White",1,1,Olive,Size,"Small, Medium, Large, X-Large",1,1,Large,"Dress Style",Party,1,1,Party,4.5,89
simple,demo-059-oversized-fleece-hoodie,"Oversized Fleece Hoodie",1,0,visible,"Oversized Fleece Hoodie for gym outfits. Demo product with realistic pricing, attributes, stock state, categories, tags, and placeholder imagery for WooCommerce catalog testing.","Oversized Fleece Hoodie for gym outfits. Demo product with realistic pricing, attributes, stock state, categories, tags, and placeholder imagery for WooCommerce catalog testing. Use this item to verify product cards, filters, sale badges, stock states, and product detail layouts.",taxable,1,32,0,0,1,,84,"Shop > Unisex > Hoodie, Gym","fleece, streetwear, layering, gym, unisex",https://placehold.co/800x800/eceff3/111111.png?text=Oversized%20Fleece%20Hoodie,,59,Color,"Red, Purple, Grey",1,1,Red,Size,"Medium, Large, X-Large, XX-Large",1,1,Large,"Dress Style",Gym,1,1,Gym,5,98
simple,demo-060-washed-graphic-hoodie,"Washed Graphic Hoodie",1,0,visible,"Washed Graphic Hoodie for casual outfits. Demo product with realistic pricing, attributes, stock state, categories, tags, and placeholder imagery for WooCommerce catalog testing.","Washed Graphic Hoodie for casual outfits. Demo product with realistic pricing, attributes, stock state, categories, tags, and placeholder imagery for WooCommerce catalog testing. Use this item to verify product cards, filters, sale badges, stock states, and product detail layouts.",taxable,1,39,0,0,1,62,97,"Shop > Men > Hoodie, Casual","fleece, streetwear, layering, casual, men","https://placehold.co/800x800/f2f0ef/111111.png?text=Washed%20Graphic%20Hoodie%20Front, https://placehold.co/800x800/f2f0ef/111111.png?text=Washed%20Graphic%20Hoodie%20Back, https://placehold.co/800x800/f2f0ef/111111.png?text=Washed%20Graphic%20Hoodie%20Detail, https://placehold.co/800x800/f2f0ef/111111.png?text=Washed%20Graphic%20Hoodie%20Model",,60,Color,"Burgundy, Pink, Navy",1,1,Burgundy,Size,"XX-Small, X-Small, Small, Medium",1,1,XX-Small,"Dress Style",Casual,1,1,Casual,3,65
simple,demo-061-heavyweight-studio-hoodie,"Heavyweight Studio Hoodie",1,0,visible,"Heavyweight Studio Hoodie for formal outfits. Demo product with realistic pricing, attributes, stock state, categories, tags, and placeholder imagery for WooCommerce catalog testing.","Heavyweight Studio Hoodie for formal outfits. Demo product with realistic pricing, attributes, stock state, categories, tags, and placeholder imagery for WooCommerce catalog testing. Use this item to verify product cards, filters, sale badges, stock states, and product detail layouts.",taxable,1,46,0,0,1,,110,"Shop > Women > Hoodie, Formal","fleece, streetwear, layering, formal, women",https://placehold.co/800x800/ece9e4/111111.png?text=Heavyweight%20Studio%20Hoodie,,61,Color,"Orange, Black, Blue",1,1,Orange,Size,"X-Small, Small, Medium, Large",1,1,Large,"Dress Style",Formal,1,1,Formal,3.5,75
simple,demo-062-athletic-tech-hoodie,"Athletic Tech Hoodie",1,0,visible,"Athletic Tech Hoodie for party outfits. Demo product with realistic pricing, attributes, stock state, categories, tags, and placeholder imagery for WooCommerce catalog testing.","Athletic Tech Hoodie for party outfits. Demo product with realistic pricing, attributes, stock state, categories, tags, and placeholder imagery for WooCommerce catalog testing. Use this item to verify product cards, filters, sale badges, stock states, and product detail layouts.",taxable,1,53,0,0,1,,123,"Shop > Unisex > Hoodie, Party","fleece, streetwear, layering, party, unisex",https://placehold.co/800x800/edf1ef/111111.png?text=Athletic%20Tech%20Hoodie,,62,Color,"Yellow, White, Green",1,1,Yellow,Size,"Small, Medium, Large, X-Large",1,1,Large,"Dress Style",Party,1,1,Party,4,84
simple,demo-063-minimal-badge-hoodie,"Minimal Badge Hoodie",1,0,visible,"Minimal Badge Hoodie for gym outfits. Demo product with realistic pricing, attributes, stock state, categories, tags, and placeholder imagery for WooCommerce catalog testing.","Minimal Badge Hoodie for gym outfits. Demo product with realistic pricing, attributes, stock state, categories, tags, and placeholder imagery for WooCommerce catalog testing. Use this item to verify product cards, filters, sale badges, stock states, and product detail layouts.",taxable,1,60,0,0,1,,136,"Shop > Men > Hoodie, Gym","fleece, streetwear, layering, gym, men",https://placehold.co/800x800/f1ecec/111111.png?text=Minimal%20Badge%20Hoodie,,63,Color,"Purple, Grey, Olive",1,1,Purple,Size,"Medium, Large, X-Large, XX-Large",1,1,Large,"Dress Style",Gym,1,1,Gym,4.5,94
simple,demo-064-raglan-sleeve-hoodie,"Raglan Sleeve Hoodie",1,0,visible,"Raglan Sleeve Hoodie for casual outfits. Demo product with realistic pricing, attributes, stock state, categories, tags, and placeholder imagery for WooCommerce catalog testing.","Raglan Sleeve Hoodie for casual outfits. Demo product with realistic pricing, attributes, stock state, categories, tags, and placeholder imagery for WooCommerce catalog testing. Use this item to verify product cards, filters, sale badges, stock states, and product detail layouts.",taxable,1,3,0,0,1,110,149,"Shop > Women > Hoodie, Casual","fleece, streetwear, layering, casual, women",https://placehold.co/800x800/eceff3/111111.png?text=Raglan%20Sleeve%20Hoodie,,64,Color,"Pink, Navy, Red",1,1,Pink,Size,"XX-Small, X-Small, Small, Medium",1,1,XX-Small,"Dress Style",Casual,1,1,Casual,5,103
simple,demo-065-thermal-lined-hoodie,"Thermal Lined Hoodie",1,0,visible,"Thermal Lined Hoodie for formal outfits. Demo product with realistic pricing, attributes, stock state, categories, tags, and placeholder imagery for WooCommerce catalog testing.","Thermal Lined Hoodie for formal outfits. Demo product with realistic pricing, attributes, stock state, categories, tags, and placeholder imagery for WooCommerce catalog testing. Use this item to verify product cards, filters, sale badges, stock states, and product detail layouts.",taxable,0,0,0,0,1,,162,"Shop > Unisex > Hoodie, Formal","fleece, streetwear, layering, formal, unisex",https://placehold.co/800x800/f2f0ef/111111.png?text=Thermal%20Lined%20Hoodie,,65,Color,"Black, Blue, Burgundy",1,1,Black,Size,"X-Small, Small, Medium, Large",1,1,Large,"Dress Style",Formal,1,1,Formal,3,70
variable,demo-066-textured-knit-polo,"Textured Knit Polo",1,1,visible,"Textured Knit Polo for party outfits. Demo product with realistic pricing, attributes, stock state, categories, tags, and placeholder imagery for WooCommerce catalog testing.","Textured Knit Polo for party outfits. Demo product with realistic pricing, attributes, stock state, categories, tags, and placeholder imagery for WooCommerce catalog testing. Use this item to verify product cards, filters, sale badges, stock states, and product detail layouts.",taxable,1,17,0,0,1,,175,"Shop > Men > Polos, Party","smart-casual, pique, weekend, party, men","https://placehold.co/800x800/ece9e4/111111.png?text=Textured%20Knit%20Polo%20Front, https://placehold.co/800x800/ece9e4/111111.png?text=Textured%20Knit%20Polo%20Back, https://placehold.co/800x800/ece9e4/111111.png?text=Textured%20Knit%20Polo%20Detail",,66,Color,"White, Green, Orange",1,1,White,Size,"Small, Medium, Large, X-Large",1,1,Large,"Dress Style",Party,1,1,Party,3.5,80
variation,demo-066-textured-knit-polo-var-white-small,"Textured Knit Polo - White / Small",1,0,hidden,,,taxable,1,17,0,0,1,,175,,"party, men",,demo-066-textured-knit-polo,0,Color,White,0,1,White,Size,Small,0,1,Small,"Dress Style",Party,0,1,Party,3.5,60
variation,demo-066-textured-knit-polo-var-white-medium,"Textured Knit Polo - White / Medium",1,0,hidden,,,taxable,1,16,0,0,1,,175,,"party, men",,demo-066-textured-knit-polo,1,Color,White,0,1,White,Size,Medium,0,1,Medium,"Dress Style",Party,0,1,Party,3.5,61
variation,demo-066-textured-knit-polo-var-green-small,"Textured Knit Polo - Green / Small",1,0,hidden,,,taxable,1,16,0,0,1,,175,,"party, men",,demo-066-textured-knit-polo,1,Color,Green,0,1,Green,Size,Small,0,1,Small,"Dress Style",Party,0,1,Party,3.5,61
variation,demo-066-textured-knit-polo-var-green-medium,"Textured Knit Polo - Green / Medium",1,0,hidden,,,taxable,1,15,0,0,1,,175,,"party, men",,demo-066-textured-knit-polo,2,Color,Green,0,1,Green,Size,Medium,0,1,Medium,"Dress Style",Party,0,1,Party,3.5,62
simple,demo-067-classic-pique-polo,"Classic Pique Polo",1,0,visible,"Classic Pique Polo for gym outfits. Demo product with realistic pricing, attributes, stock state, categories, tags, and placeholder imagery for WooCommerce catalog testing.","Classic Pique Polo for gym outfits. Demo product with realistic pricing, attributes, stock state, categories, tags, and placeholder imagery for WooCommerce catalog testing. Use this item to verify product cards, filters, sale badges, stock states, and product detail layouts.",taxable,1,24,0,0,1,,188,"Shop > Women > Polos, Gym","smart-casual, pique, weekend, gym, women",https://placehold.co/800x800/edf1ef/111111.png?text=Classic%20Pique%20Polo,,67,Color,"Grey, Olive, Yellow",1,1,Grey,Size,"Medium, Large, X-Large, XX-Large",1,1,Large,"Dress Style",Gym,1,1,Gym,4,89
simple,demo-068-premium-mercerized-polo,"Premium Mercerized Polo",1,0,visible,"Premium Mercerized Polo for casual outfits. Demo product with realistic pricing, attributes, stock state, categories, tags, and placeholder imagery for WooCommerce catalog testing.","Premium Mercerized Polo for casual outfits. Demo product with realistic pricing, attributes, stock state, categories, tags, and placeholder imagery for WooCommerce catalog testing. Use this item to verify product cards, filters, sale badges, stock states, and product detail layouts.",taxable,1,31,0,0,1,158,201,"Shop > Unisex > Polos, Casual","smart-casual, pique, weekend, casual, unisex",https://placehold.co/800x800/f1ecec/111111.png?text=Premium%20Mercerized%20Polo,,68,Color,"Navy, Red, Purple",1,1,Navy,Size,"XX-Small, X-Small, Small, Medium",1,1,XX-Small,"Dress Style",Casual,1,1,Casual,4.5,99
simple,demo-069-open-collar-polo,"Open Collar Polo",1,0,visible,"Open Collar Polo for formal outfits. Demo product with realistic pricing, attributes, stock state, categories, tags, and placeholder imagery for WooCommerce catalog testing.","Open Collar Polo for formal outfits. Demo product with realistic pricing, attributes, stock state, categories, tags, and placeholder imagery for WooCommerce catalog testing. Use this item to verify product cards, filters, sale badges, stock states, and product detail layouts.",taxable,1,38,0,0,1,,214,"Shop > Men > Polos, Formal","smart-casual, pique, weekend, formal, men",https://placehold.co/800x800/eceff3/111111.png?text=Open%20Collar%20Polo,,69,Color,"Blue, Burgundy, Pink",1,1,Blue,Size,"X-Small, Small, Medium, Large",1,1,Large,"Dress Style",Formal,1,1,Formal,5,85
simple,demo-070-resort-stripe-polo,"Resort Stripe Polo",1,0,visible,"Resort Stripe Polo for party outfits. Demo product with realistic pricing, attributes, stock state, categories, tags, and placeholder imagery for WooCommerce catalog testing.","Resort Stripe Polo for party outfits. Demo product with realistic pricing, attributes, stock state, categories, tags, and placeholder imagery for WooCommerce catalog testing. Use this item to verify product cards, filters, sale badges, stock states, and product detail layouts.",taxable,1,45,0,0,1,,227,"Shop > Women > Polos, Party","smart-casual, pique, weekend, party, women","https://placehold.co/800x800/f2f0ef/111111.png?text=Resort%20Stripe%20Polo%20Front, https://placehold.co/800x800/f2f0ef/111111.png?text=Resort%20Stripe%20Polo%20Back, https://placehold.co/800x800/f2f0ef/111111.png?text=Resort%20Stripe%20Polo%20Detail, https://placehold.co/800x800/f2f0ef/111111.png?text=Resort%20Stripe%20Polo%20Model",,70,Color,"Green, Orange, Black",1,1,Green,Size,"Small, Medium, Large, X-Large",1,1,Large,"Dress Style",Party,1,1,Party,3,52
simple,demo-071-contrast-sleeve-polo,"Contrast Sleeve Polo",1,0,visible,"Contrast Sleeve Polo for gym outfits. Demo product with realistic pricing, attributes, stock state, categories, tags, and placeholder imagery for WooCommerce catalog testing.","Contrast Sleeve Polo for gym outfits. Demo product with realistic pricing, attributes, stock state, categories, tags, and placeholder imagery for WooCommerce catalog testing. Use this item to verify product cards, filters, sale badges, stock states, and product detail layouts.",taxable,1,52,0,0,1,,240,"Shop > Unisex > Polos, Gym","smart-casual, pique, weekend, gym, unisex",https://placehold.co/800x800/ece9e4/111111.png?text=Contrast%20Sleeve%20Polo,,71,Color,"Olive, Yellow, White",1,1,Olive,Size,"Medium, Large, X-Large, XX-Large",1,1,Large,"Dress Style",Gym,1,1,Gym,3.5,62
simple,demo-072-performance-golf-polo,"Performance Golf Polo",1,0,visible,"Performance Golf Polo for casual outfits. Demo product with realistic pricing, attributes, stock state, categories, tags, and placeholder imagery for WooCommerce catalog testing.","Performance Golf Polo for casual outfits. Demo product with realistic pricing, attributes, stock state, categories, tags, and placeholder imagery for WooCommerce catalog testing. Use this item to verify product cards, filters, sale badges, stock states, and product detail layouts.",taxable,1,59,0,0,1,241,253,"Shop > Men > Polos, Casual","smart-casual, pique, weekend, casual, men","https://placehold.co/800x800/edf1ef/111111.png?text=Performance%20Golf%20Polo%20Front, https://placehold.co/800x800/edf1ef/111111.png?text=Performance%20Golf%20Polo%20Back, https://placehold.co/800x800/edf1ef/111111.png?text=Performance%20Golf%20Polo%20Detail",,72,Color,"Red, Purple, Grey",1,1,Red,Size,"XX-Small, X-Small, Small, Medium",1,1,XX-Small,"Dress Style",Casual,1,1,Casual,4,71
simple,demo-073-soft-touch-polo,"Soft Touch Polo",1,0,visible,"Soft Touch Polo for formal outfits. Demo product with realistic pricing, attributes, stock state, categories, tags, and placeholder imagery for WooCommerce catalog testing.","Soft Touch Polo for formal outfits. Demo product with realistic pricing, attributes, stock state, categories, tags, and placeholder imagery for WooCommerce catalog testing. Use this item to verify product cards, filters, sale badges, stock states, and product detail layouts.",taxable,1,66,0,0,1,,266,"Shop > Women > Polos, Formal","smart-casual, pique, weekend, formal, women",https://placehold.co/800x800/f1ecec/111111.png?text=Soft%20Touch%20Polo,,73,Color,"Burgundy, Pink, Navy",1,1,Burgundy,Size,"X-Small, Small, Medium, Large",1,1,Large,"Dress Style",Formal,1,1,Formal,4.5,81
variable,demo-074-lightweight-bomber-jacket,"Lightweight Bomber Jacket",1,0,visible,"Lightweight Bomber Jacket for party outfits. Demo product with realistic pricing, attributes, stock state, categories, tags, and placeholder imagery for WooCommerce catalog testing.","Lightweight Bomber Jacket for party outfits. Demo product with realistic pricing, attributes, stock state, categories, tags, and placeholder imagery for WooCommerce catalog testing. Use this item to verify product cards, filters, sale badges, stock states, and product detail layouts.",taxable,1,9,0,0,1,,279,"Shop > Unisex > Jackets, Party","outerwear, layering, transitional, party, unisex",https://placehold.co/800x800/eceff3/111111.png?text=Lightweight%20Bomber%20Jacket,,74,Color,"Orange, Black, Blue",1,1,Orange,Size,"Small, Medium, Large, X-Large",1,1,Large,"Dress Style",Party,1,1,Party,5,90
variation,demo-074-lightweight-bomber-jacket-var-orange-small,"Lightweight Bomber Jacket - Orange / Small",1,0,hidden,,,taxable,1,9,0,0,1,,279,,"party, unisex",,demo-074-lightweight-bomber-jacket,0,Color,Orange,0,1,Orange,Size,Small,0,1,Small,"Dress Style",Party,0,1,Party,5,85
variation,demo-074-lightweight-bomber-jacket-var-orange-medium,"Lightweight Bomber Jacket - Orange / Medium",1,0,hidden,,,taxable,1,8,0,0,1,,279,,"party, unisex",,demo-074-lightweight-bomber-jacket,1,Color,Orange,0,1,Orange,Size,Medium,0,1,Medium,"Dress Style",Party,0,1,Party,5,86
variation,demo-074-lightweight-bomber-jacket-var-black-small,"Lightweight Bomber Jacket - Black / Small",1,0,hidden,,,taxable,1,8,0,0,1,,279,,"party, unisex",,demo-074-lightweight-bomber-jacket,1,Color,Black,0,1,Black,Size,Small,0,1,Small,"Dress Style",Party,0,1,Party,5,86
variation,demo-074-lightweight-bomber-jacket-var-black-medium,"Lightweight Bomber Jacket - Black / Medium",1,0,hidden,,,taxable,1,7,0,0,1,,279,,"party, unisex",,demo-074-lightweight-bomber-jacket,2,Color,Black,0,1,Black,Size,Medium,0,1,Medium,"Dress Style",Party,0,1,Party,5,87
simple,demo-075-cotton-coach-jacket,"Cotton Coach Jacket",1,0,visible,"Cotton Coach Jacket for gym outfits. Demo product with realistic pricing, attributes, stock state, categories, tags, and placeholder imagery for WooCommerce catalog testing.","Cotton Coach Jacket for gym outfits. Demo product with realistic pricing, attributes, stock state, categories, tags, and placeholder imagery for WooCommerce catalog testing. Use this item to verify product cards, filters, sale badges, stock states, and product detail layouts.",taxable,1,16,0,0,1,,292,"Shop > Men > Jackets, Gym","outerwear, layering, transitional, gym, men",https://placehold.co/800x800/f2f0ef/111111.png?text=Cotton%20Coach%20Jacket,,75,Color,"Yellow, White, Green",1,1,Yellow,Size,"Medium, Large, X-Large, XX-Large",1,1,Large,"Dress Style",Gym,1,1,Gym,3,57
simple,demo-076-utility-field-jacket,"Utility Field Jacket",1,0,visible,"Utility Field Jacket for casual outfits. Demo product with realistic pricing, attributes, stock state, categories, tags, and placeholder imagery for WooCommerce catalog testing.","Utility Field Jacket for casual outfits. Demo product with realistic pricing, attributes, stock state, categories, tags, and placeholder imagery for WooCommerce catalog testing. Use this item to verify product cards, filters, sale badges, stock states, and product detail layouts.",taxable,1,23,0,0,1,43,59,"Shop > Women > Jackets, Casual","outerwear, layering, transitional, casual, women",https://placehold.co/800x800/ece9e4/111111.png?text=Utility%20Field%20Jacket,,76,Color,"Purple, Grey, Olive",1,1,Purple,Size,"XX-Small, X-Small, Small, Medium",1,1,XX-Small,"Dress Style",Casual,1,1,Casual,3.5,67
simple,demo-077-denim-trucker-jacket,"Denim Trucker Jacket",1,1,visible,"Denim Trucker Jacket for formal outfits. Demo product with realistic pricing, attributes, stock state, categories, tags, and placeholder imagery for WooCommerce catalog testing.","Denim Trucker Jacket for formal outfits. Demo product with realistic pricing, attributes, stock state, categories, tags, and placeholder imagery for WooCommerce catalog testing. Use this item to verify product cards, filters, sale badges, stock states, and product detail layouts.",taxable,1,30,0,0,1,,72,"Shop > Unisex > Jackets, Formal","outerwear, layering, transitional, formal, unisex",https://placehold.co/800x800/edf1ef/111111.png?text=Denim%20Trucker%20Jacket,,77,Color,"Pink, Navy, Red",1,1,Pink,Size,"X-Small, Small, Medium, Large",1,1,Large,"Dress Style",Formal,1,1,Formal,4,76
simple,demo-078-quilted-overshirt-jacket,"Quilted Overshirt Jacket",1,0,visible,"Quilted Overshirt Jacket for party outfits. Demo product with realistic pricing, attributes, stock state, categories, tags, and placeholder imagery for WooCommerce catalog testing.","Quilted Overshirt Jacket for party outfits. Demo product with realistic pricing, attributes, stock state, categories, tags, and placeholder imagery for WooCommerce catalog testing. Use this item to verify product cards, filters, sale badges, stock states, and product detail layouts.",taxable,1,0,notify,0,1,,85,"Shop > Men > Jackets, Party","outerwear, layering, transitional, party, men","https://placehold.co/800x800/f1ecec/111111.png?text=Quilted%20Overshirt%20Jacket%20Front, https://placehold.co/800x800/f1ecec/111111.png?text=Quilted%20Overshirt%20Jacket%20Back, https://placehold.co/800x800/f1ecec/111111.png?text=Quilted%20Overshirt%20Jacket%20Detail",,78,Color,"Black, Blue, Burgundy",1,1,Black,Size,"Small, Medium, Large, X-Large",1,1,Large,"Dress Style",Party,1,1,Party,4.5,86
simple,demo-079-water-resistant-shell-jacket,"Water Resistant Shell Jacket",1,0,visible,"Water Resistant Shell Jacket for gym outfits. Demo product with realistic pricing, attributes, stock state, categories, tags, and placeholder imagery for WooCommerce catalog testing.","Water Resistant Shell Jacket for gym outfits. Demo product with realistic pricing, attributes, stock state, categories, tags, and placeholder imagery for WooCommerce catalog testing. Use this item to verify product cards, filters, sale badges, stock states, and product detail layouts.",taxable,1,44,0,0,1,,98,"Shop > Women > Jackets, Gym","outerwear, layering, transitional, gym, women",https://placehold.co/800x800/eceff3/111111.png?text=Water%20Resistant%20Shell%20Jacket,,79,Color,"White, Green, Orange",1,1,White,Size,"Medium, Large, X-Large, XX-Large",1,1,Large,"Dress Style",Gym,1,1,Gym,5,95
simple,demo-080-cropped-harrington-jacket,"Cropped Harrington Jacket",1,0,visible,"Cropped Harrington Jacket for casual outfits. Demo product with realistic pricing, attributes, stock state, categories, tags, and placeholder imagery for WooCommerce catalog testing.","Cropped Harrington Jacket for casual outfits. Demo product with realistic pricing, attributes, stock state, categories, tags, and placeholder imagery for WooCommerce catalog testing. Use this item to verify product cards, filters, sale badges, stock states, and product detail layouts.",taxable,1,51,0,0,1,91,111,"Shop > Unisex > Jackets, Casual","outerwear, layering, transitional, casual, unisex","https://placehold.co/800x800/f2f0ef/111111.png?text=Cropped%20Harrington%20Jacket%20Front, https://placehold.co/800x800/f2f0ef/111111.png?text=Cropped%20Harrington%20Jacket%20Back, https://placehold.co/800x800/f2f0ef/111111.png?text=Cropped%20Harrington%20Jacket%20Detail, https://placehold.co/800x800/f2f0ef/111111.png?text=Cropped%20Harrington%20Jacket%20Model",,80,Color,"Grey, Olive, Yellow",1,1,Grey,Size,"XX-Small, X-Small, Small, Medium",1,1,XX-Small,"Dress Style",Casual,1,1,Casual,3,62
simple,demo-081-fine-knit-crew-sweater,"Fine Knit Crew Sweater",1,0,visible,"Fine Knit Crew Sweater for formal outfits. Demo product with realistic pricing, attributes, stock state, categories, tags, and placeholder imagery for WooCommerce catalog testing.","Fine Knit Crew Sweater for formal outfits. Demo product with realistic pricing, attributes, stock state, categories, tags, and placeholder imagery for WooCommerce catalog testing. Use this item to verify product cards, filters, sale badges, stock states, and product detail layouts.",taxable,1,58,0,0,1,,124,"Shop > Men > Sweaters, Formal","knitwear, layering, winter, formal, men",https://placehold.co/800x800/ece9e4/111111.png?text=Fine%20Knit%20Crew%20Sweater,,81,Color,"Navy, Red, Purple",1,1,Navy,Size,"X-Small, Small, Medium, Large",1,1,Large,"Dress Style",Formal,1,1,Formal,3.5,72
simple,demo-082-ribbed-cardigan-sweater,"Ribbed Cardigan Sweater",1,0,visible,"Ribbed Cardigan Sweater for party outfits. Demo product with realistic pricing, attributes, stock state, categories, tags, and placeholder imagery for WooCommerce catalog testing.","Ribbed Cardigan Sweater for party outfits. Demo product with realistic pricing, attributes, stock state, categories, tags, and placeholder imagery for WooCommerce catalog testing. Use this item to verify product cards, filters, sale badges, stock states, and product detail layouts.",taxable,1,65,0,0,1,,137,"Shop > Women > Sweaters, Party","knitwear, layering, winter, party, women",https://placehold.co/800x800/edf1ef/111111.png?text=Ribbed%20Cardigan%20Sweater,,82,Color,"Blue, Burgundy, Pink",1,1,Blue,Size,"Small, Medium, Large, X-Large",1,1,Large,"Dress Style",Party,1,1,Party,4,81
simple,demo-083-chunky-cable-sweater,"Chunky Cable Sweater",1,0,visible,"Chunky Cable Sweater for gym outfits. Demo product with realistic pricing, attributes, stock state, categories, tags, and placeholder imagery for WooCommerce catalog testing.","Chunky Cable Sweater for gym outfits. Demo product with realistic pricing, attributes, stock state, categories, tags, and placeholder imagery for WooCommerce catalog testing. Use this item to verify product cards, filters, sale badges, stock states, and product detail layouts.",taxable,1,8,0,0,1,,150,"Shop > Unisex > Sweaters, Gym","knitwear, layering, winter, gym, unisex",https://placehold.co/800x800/f1ecec/111111.png?text=Chunky%20Cable%20Sweater,,83,Color,"Green, Orange, Black",1,1,Green,Size,"Medium, Large, X-Large, XX-Large",1,1,Large,"Dress Style",Gym,1,1,Gym,4.5,91
simple,demo-084-quarter-zip-sweater,"Quarter Zip Sweater",1,0,visible,"Quarter Zip Sweater for casual outfits. Demo product with realistic pricing, attributes, stock state, categories, tags, and placeholder imagery for WooCommerce catalog testing.","Quarter Zip Sweater for casual outfits. Demo product with realistic pricing, attributes, stock state, categories, tags, and placeholder imagery for WooCommerce catalog testing. Use this item to verify product cards, filters, sale badges, stock states, and product detail layouts.",taxable,1,15,0,0,1,139,163,"Shop > Men > Sweaters, Casual","knitwear, layering, winter, casual, men","https://placehold.co/800x800/eceff3/111111.png?text=Quarter%20Zip%20Sweater%20Front, https://placehold.co/800x800/eceff3/111111.png?text=Quarter%20Zip%20Sweater%20Back, https://placehold.co/800x800/eceff3/111111.png?text=Quarter%20Zip%20Sweater%20Detail",,84,Color,"Olive, Yellow, White",1,1,Olive,Size,"XX-Small, X-Small, Small, Medium",1,1,XX-Small,"Dress Style",Casual,1,1,Casual,5,100
simple,demo-085-merino-blend-sweater,"Merino Blend Sweater",1,0,visible,"Merino Blend Sweater for formal outfits. Demo product with realistic pricing, attributes, stock state, categories, tags, and placeholder imagery for WooCommerce catalog testing.","Merino Blend Sweater for formal outfits. Demo product with realistic pricing, attributes, stock state, categories, tags, and placeholder imagery for WooCommerce catalog testing. Use this item to verify product cards, filters, sale badges, stock states, and product detail layouts.",taxable,1,22,0,0,1,,176,"Shop > Women > Sweaters, Formal","knitwear, layering, winter, formal, women",https://placehold.co/800x800/f2f0ef/111111.png?text=Merino%20Blend%20Sweater,,85,Color,"Red, Purple, Grey",1,1,Red,Size,"X-Small, Small, Medium, Large",1,1,Large,"Dress Style",Formal,1,1,Formal,3,67
simple,demo-086-relaxed-v-neck-sweater,"Relaxed V-neck Sweater",1,0,visible,"Relaxed V-neck Sweater for party outfits. Demo product with realistic pricing, attributes, stock state, categories, tags, and placeholder imagery for WooCommerce catalog testing.","Relaxed V-neck Sweater for party outfits. Demo product with realistic pricing, attributes, stock state, categories, tags, and placeholder imagery for WooCommerce catalog testing. Use this item to verify product cards, filters, sale badges, stock states, and product detail layouts.",taxable,1,29,0,0,1,,189,"Shop > Unisex > Sweaters, Party","knitwear, layering, winter, party, unisex",https://placehold.co/800x800/ece9e4/111111.png?text=Relaxed%20V-neck%20Sweater,,86,Color,"Burgundy, Pink, Navy",1,1,Burgundy,Size,"Small, Medium, Large, X-Large",1,1,Large,"Dress Style",Party,1,1,Party,3.5,77
simple,demo-087-resort-sweaters-item-87,"Resort Sweaters Item 87",1,0,visible,"Resort Sweaters Item 87 for gym outfits. Demo product with realistic pricing, attributes, stock state, categories, tags, and placeholder imagery for WooCommerce catalog testing.","Resort Sweaters Item 87 for gym outfits. Demo product with realistic pricing, attributes, stock state, categories, tags, and placeholder imagery for WooCommerce catalog testing. Use this item to verify product cards, filters, sale badges, stock states, and product detail layouts.",taxable,1,97,0,0,1,,249,"Shop > Men > Sweaters, Gym","knitwear, layering, winter, gym, men",https://placehold.co/800x800/edf1ef/111111.png?text=Resort%20Sweaters%20Item%2087,,87,Color,"Orange, Pink",1,1,Orange,Size,"Small, Medium, Large, X-Large",1,1,Large,"Dress Style",Gym,1,1,Gym,4,86
simple,demo-088-daily-t-shirts-item-88,"Daily T-shirts Item 88",1,0,visible,"Daily T-shirts Item 88 for casual outfits. Demo product with realistic pricing, attributes, stock state, categories, tags, and placeholder imagery for WooCommerce catalog testing.","Daily T-shirts Item 88 for casual outfits. Demo product with realistic pricing, attributes, stock state, categories, tags, and placeholder imagery for WooCommerce catalog testing. Use this item to verify product cards, filters, sale badges, stock states, and product detail layouts.",taxable,1,98,0,0,1,246,266,"Shop > Women > T-shirts, Casual","graphic, cotton, summer, casual, women","https://placehold.co/800x800/f1ecec/111111.png?text=Daily%20T-shirts%20Item%2088%20Front, https://placehold.co/800x800/f1ecec/111111.png?text=Daily%20T-shirts%20Item%2088%20Back, https://placehold.co/800x800/f1ecec/111111.png?text=Daily%20T-shirts%20Item%2088%20Detail",,88,Color,"Yellow, Black",1,1,Yellow,Size,"Medium, Large, X-Large, XX-Large",1,1,Large,"Dress Style",Casual,1,1,Casual,4.5,96
simple,demo-089-limited-shirts-item-89,"Limited Shirts Item 89",1,0,visible,"Limited Shirts Item 89 for formal outfits. Demo product with realistic pricing, attributes, stock state, categories, tags, and placeholder imagery for WooCommerce catalog testing.","Limited Shirts Item 89 for formal outfits. Demo product with realistic pricing, attributes, stock state, categories, tags, and placeholder imagery for WooCommerce catalog testing. Use this item to verify product cards, filters, sale badges, stock states, and product detail layouts.",taxable,1,99,0,0,1,,283,"Shop > Unisex > Shirts, Formal","button-down, smart-casual, layering, formal, unisex",https://placehold.co/800x800/eceff3/111111.png?text=Limited%20Shirts%20Item%2089,,89,Color,"Purple, White",1,1,Purple,Size,"Large, X-Large, XX-Large, 3X-Large",1,1,Large,"Dress Style",Formal,1,1,Formal,5,105
simple,demo-090-core-shorts-item-90,"Core Shorts Item 90",1,0,visible,"Core Shorts Item 90 for party outfits. Demo product with realistic pricing, attributes, stock state, categories, tags, and placeholder imagery for WooCommerce catalog testing.","Core Shorts Item 90 for party outfits. Demo product with realistic pricing, attributes, stock state, categories, tags, and placeholder imagery for WooCommerce catalog testing. Use this item to verify product cards, filters, sale badges, stock states, and product detail layouts.",taxable,1,0,notify,0,1,,45,"Shop > Men > Shorts, Party","summer, travel, relaxed, party, men",https://placehold.co/800x800/f2f0ef/111111.png?text=Core%20Shorts%20Item%2090,,90,Color,"Pink, Grey",1,1,Pink,Size,"XX-Small, X-Small, Small, Medium",1,1,XX-Small,"Dress Style",Party,1,1,Party,3,72
simple,demo-091-studio-jeans-item-91,"Studio Jeans Item 91",1,0,visible,"Studio Jeans Item 91 for gym outfits. Demo product with realistic pricing, attributes, stock state, categories, tags, and placeholder imagery for WooCommerce catalog testing.","Studio Jeans Item 91 for gym outfits. Demo product with realistic pricing, attributes, stock state, categories, tags, and placeholder imagery for WooCommerce catalog testing. Use this item to verify product cards, filters, sale badges, stock states, and product detail layouts.",taxable,1,101,0,0,1,,62,"Shop > Women > Jeans, Gym","denim, everyday, streetwear, gym, women",https://placehold.co/800x800/ece9e4/111111.png?text=Studio%20Jeans%20Item%2091,,91,Color,"Black, Navy",1,1,Black,Size,"X-Small, Small, Medium, Large",1,1,Large,"Dress Style",Gym,1,1,Gym,3.5,82
simple,demo-092-urban-hoodie-item-92,"Urban Hoodie Item 92",1,0,visible,"Urban Hoodie Item 92 for casual outfits. Demo product with realistic pricing, attributes, stock state, categories, tags, and placeholder imagery for WooCommerce catalog testing.","Urban Hoodie Item 92 for casual outfits. Demo product with realistic pricing, attributes, stock state, categories, tags, and placeholder imagery for WooCommerce catalog testing. Use this item to verify product cards, filters, sale badges, stock states, and product detail layouts.",taxable,1,102,0,0,1,59,79,"Shop > Unisex > Hoodie, Casual","fleece, streetwear, layering, casual, unisex",https://placehold.co/800x800/edf1ef/111111.png?text=Urban%20Hoodie%20Item%2092,,92,Color,"White, Blue",1,1,White,Size,"Small, Medium, Large, X-Large",1,1,Large,"Dress Style",Casual,1,1,Casual,4,68
simple,demo-093-weekend-polos-item-93,"Weekend Polos Item 93",1,0,visible,"Weekend Polos Item 93 for formal outfits. Demo product with realistic pricing, attributes, stock state, categories, tags, and placeholder imagery for WooCommerce catalog testing.","Weekend Polos Item 93 for formal outfits. Demo product with realistic pricing, attributes, stock state, categories, tags, and placeholder imagery for WooCommerce catalog testing. Use this item to verify product cards, filters, sale badges, stock states, and product detail layouts.",taxable,1,103,0,0,1,,96,"Shop > Men > Polos, Formal","smart-casual, pique, weekend, formal, men",https://placehold.co/800x800/f1ecec/111111.png?text=Weekend%20Polos%20Item%2093,,93,Color,"Grey, Green",1,1,Grey,Size,"Medium, Large, X-Large, XX-Large",1,1,Large,"Dress Style",Formal,1,1,Formal,4.5,78
simple,demo-094-premium-jackets-item-94,"Premium Jackets Item 94",1,0,visible,"Premium Jackets Item 94 for party outfits. Demo product with realistic pricing, attributes, stock state, categories, tags, and placeholder imagery for WooCommerce catalog testing.","Premium Jackets Item 94 for party outfits. Demo product with realistic pricing, attributes, stock state, categories, tags, and placeholder imagery for WooCommerce catalog testing. Use this item to verify product cards, filters, sale badges, stock states, and product detail layouts.",taxable,1,104,0,0,1,,113,"Shop > Women > Jackets, Party","outerwear, layering, transitional, party, women",https://placehold.co/800x800/eceff3/111111.png?text=Premium%20Jackets%20Item%2094,,94,Color,"Navy, Olive",1,1,Navy,Size,"Large, X-Large, XX-Large, 3X-Large",1,1,Large,"Dress Style",Party,1,1,Party,5,87
simple,demo-095-heritage-sweaters-item-95,"Heritage Sweaters Item 95",1,0,visible,"Heritage Sweaters Item 95 for gym outfits. Demo product with realistic pricing, attributes, stock state, categories, tags, and placeholder imagery for WooCommerce catalog testing.","Heritage Sweaters Item 95 for gym outfits. Demo product with realistic pricing, attributes, stock state, categories, tags, and placeholder imagery for WooCommerce catalog testing. Use this item to verify product cards, filters, sale badges, stock states, and product detail layouts.",taxable,1,105,0,0,1,,130,"Shop > Unisex > Sweaters, Gym","knitwear, layering, winter, gym, unisex",https://placehold.co/800x800/f2f0ef/111111.png?text=Heritage%20Sweaters%20Item%2095,,95,Color,"Blue, Red",1,1,Blue,Size,"XX-Small, X-Small, Small, Medium",1,1,XX-Small,"Dress Style",Gym,1,1,Gym,3,54
simple,demo-096-active-t-shirts-item-96,"Active T-shirts Item 96",1,1,visible,"Active T-shirts Item 96 for casual outfits. Demo product with realistic pricing, attributes, stock state, categories, tags, and placeholder imagery for WooCommerce catalog testing.","Active T-shirts Item 96 for casual outfits. Demo product with realistic pricing, attributes, stock state, categories, tags, and placeholder imagery for WooCommerce catalog testing. Use this item to verify product cards, filters, sale badges, stock states, and product detail layouts.",taxable,1,106,0,0,1,127,147,"Shop > Men > T-shirts, Casual","graphic, cotton, summer, casual, men","https://placehold.co/800x800/ece9e4/111111.png?text=Active%20T-shirts%20Item%2096%20Front, https://placehold.co/800x800/ece9e4/111111.png?text=Active%20T-shirts%20Item%2096%20Back, https://placehold.co/800x800/ece9e4/111111.png?text=Active%20T-shirts%20Item%2096%20Detail",,96,Color,"Green, Burgundy",1,1,Green,Size,"X-Small, Small, Medium, Large",1,1,Large,"Dress Style",Casual,1,1,Casual,3.5,64
simple,demo-097-resort-shirts-item-97,"Resort Shirts Item 97",1,0,visible,"Resort Shirts Item 97 for formal outfits. Demo product with realistic pricing, attributes, stock state, categories, tags, and placeholder imagery for WooCommerce catalog testing.","Resort Shirts Item 97 for formal outfits. Demo product with realistic pricing, attributes, stock state, categories, tags, and placeholder imagery for WooCommerce catalog testing. Use this item to verify product cards, filters, sale badges, stock states, and product detail layouts.",taxable,1,107,0,0,1,,164,"Shop > Women > Shirts, Formal","button-down, smart-casual, layering, formal, women",https://placehold.co/800x800/edf1ef/111111.png?text=Resort%20Shirts%20Item%2097,,97,Color,"Olive, Orange",1,1,Olive,Size,"Small, Medium, Large, X-Large",1,1,Large,"Dress Style",Formal,1,1,Formal,4,73
simple,demo-098-daily-shorts-item-98,"Daily Shorts Item 98",1,0,visible,"Daily Shorts Item 98 for party outfits. Demo product with realistic pricing, attributes, stock state, categories, tags, and placeholder imagery for WooCommerce catalog testing.","Daily Shorts Item 98 for party outfits. Demo product with realistic pricing, attributes, stock state, categories, tags, and placeholder imagery for WooCommerce catalog testing. Use this item to verify product cards, filters, sale badges, stock states, and product detail layouts.",taxable,1,108,0,0,1,,181,"Shop > Unisex > Shorts, Party","summer, travel, relaxed, party, unisex",https://placehold.co/800x800/f1ecec/111111.png?text=Daily%20Shorts%20Item%2098,,98,Color,"Red, Yellow",1,1,Red,Size,"Medium, Large, X-Large, XX-Large",1,1,Large,"Dress Style",Party,1,1,Party,4.5,83
simple,demo-099-limited-jeans-item-99,"Limited Jeans Item 99",1,0,visible,"Limited Jeans Item 99 for gym outfits. Demo product with realistic pricing, attributes, stock state, categories, tags, and placeholder imagery for WooCommerce catalog testing.","Limited Jeans Item 99 for gym outfits. Demo product with realistic pricing, attributes, stock state, categories, tags, and placeholder imagery for WooCommerce catalog testing. Use this item to verify product cards, filters, sale badges, stock states, and product detail layouts.",taxable,0,0,0,0,1,,198,"Shop > Men > Jeans, Gym","denim, everyday, streetwear, gym, men",https://placehold.co/800x800/eceff3/111111.png?text=Limited%20Jeans%20Item%2099,,99,Color,"Burgundy, Purple",1,1,Burgundy,Size,"Large, X-Large, XX-Large, 3X-Large",1,1,Large,"Dress Style",Gym,1,1,Gym,5,92
simple,demo-100-core-hoodie-item-100,"Core Hoodie Item 100",1,0,visible,"Core Hoodie Item 100 for casual outfits. Demo product with realistic pricing, attributes, stock state, categories, tags, and placeholder imagery for WooCommerce catalog testing.","Core Hoodie Item 100 for casual outfits. Demo product with realistic pricing, attributes, stock state, categories, tags, and placeholder imagery for WooCommerce catalog testing. Use this item to verify product cards, filters, sale badges, stock states, and product detail layouts.",taxable,1,110,0,0,1,195,215,"Shop > Women > Hoodie, Casual","fleece, streetwear, layering, casual, women",https://placehold.co/800x800/f2f0ef/111111.png?text=Core%20Hoodie%20Item%20100,,100,Color,"Orange, Pink",1,1,Orange,Size,"XX-Small, X-Small, Small, Medium",1,1,XX-Small,"Dress Style",Casual,1,1,Casual,3,59
